X1,X2,X3,Y
0.0976270078546495,-0.2099594020379071,1.0,1
0.43037873274483895,2.734829964920317,1.0,1
0.20552675214328775,-3.3106880766193556,1.0,0
0.08976636599379373,0.30728892163133276,1.0,0
-0.15269040132219058,-3.168947126301871,1.0,0
0.29178822613331223,1.6889086132091726,1.0,1
-0.12482557747461498,-2.4257356324180495,0.0,0
0.7835460015641595,0.567539108766691,1.0,1
0.9273255210020586,-0.5643917533808702,0.0,0
-0.2331169623484446,-2.3164063703680577,0.0,0
0.5834500761653292,-3.238719965795085,1.0,0
0.05778983950580896,-1.0220809271602196,1.0,0
0.13608912218786462,3.4812588917906617,0.0,1
0.8511932765853221,-0.586970109778755,1.0,0
-0.8579278836042261,1.834443084231712,0.0,1
-0.8257414005969186,-0.1140857353243763,0.0,0
-0.9595632051193486,1.7534535473809048,0.0,1
0.665239691095876,-3.6538227566090353,1.0,0
0.556313501899701,-0.8063766136990667,0.0,0
0.7400242964936383,1.8988110475864375,1.0,1
0.957236684465528,-0.32650989766635746,1.0,0
0.5983171284334472,-0.17291056542209426,0.0,0
-0.07704127549413631,-0.8609238237715859,0.0,0
0.5610583525729109,2.298758766734248,1.0,1
-0.7634511482621336,0.5950287079098918,0.0,1
0.27984204265504764,0.08804455235069594,0.0,0
-0.7132934251819072,1.2861090906785855,1.0,1
0.8893378340991678,1.1764498582358733,1.0,1
0.04369664350014335,0.4251740928750732,0.0,1
-0.17067612001895283,3.094062993981689,1.0,1
-0.47088877579074606,-0.12057506727823808,0.0,0
0.5484673788684333,0.556162095935888,1.0,1
-0.0876993355669029,-1.285905106705781,0.0,0
0.13686789773729702,0.3002304540122584,1.0,1
-0.9624203991272897,3.175523047490735,1.0,1
0.23527099415175412,-1.2865152035774776,0.0,0
0.22419144544484282,-2.2671856512769177,1.0,0
0.23386799374951384,1.993519285639631,1.0,1
0.8874961570292483,-0.2975323044673585,1.0,1
0.3636405982069668,0.19200840993954002,0.0,1
-0.280984198852428,-0.09022660738666963,1.0,1
-0.1259360924013171,0.15824344785907016,1.0,0
0.3952623918545297,1.7010613670468764,1.0,1
-0.8795490567414603,-1.6782483811985474,1.0,0
0.33353343089133536,-2.023548168210977,0.0,0
0.3412757392363188,0.16993627407541534,0.0,0
-0.5792348778523182,-3.2128793788996655,0.0,0
-0.7421474046902934,-2.746107072083857,0.0,0
-0.36914329815163227,3.733366296663254,0.0,1
-0.2725784581147548,1.5149366601228078,0.0,1
0.14039354083575928,-0.020112943738029077,0.0,1
-0.1227969730753593,2.4760138719168796,0.0,1
0.9767476761184524,-2.08119846017029,1.0,0
-0.7959103785039439,-0.6312062467717164,0.0,0
-0.5822464878103306,1.2469072188487649,0.0,1
-0.6773809642300075,1.7813433628627895,1.0,1
0.30621665093079686,1.0258336936555528,1.0,1
-0.4934167949204358,-5.082477615376449,1.0,0
-0.06737845428738742,-1.936164235329156,1.0,0
-0.5111488159967945,0.9541361847137305,0.0,1
-0.6820608327089606,-0.7119029860936127,1.0,1
-0.7792497176713897,5.080463241518343,1.0,1
0.31265917893054684,1.853116601934193,0.0,1
-0.7236340973027724,1.1161637612373316,0.0,0
-0.606835276639893,-2.233899107493447,1.0,0
-0.2625496586780718,-0.07059347920583112,1.0,1
0.6419864596958702,0.48240792843790503,0.0,0
-0.8057974484138775,2.2555672602556047,1.0,1
0.6758898149976078,1.7622621941992647,0.0,1
-0.8078031842120739,2.0659783890398913,0.0,1
0.9529189300267915,-1.847824031620004,0.0,0
-0.06269759670459685,2.8243033965972617,1.0,1
0.9535221763806743,-2.7608615046145384,1.0,0
0.20969103949009193,-1.0718291233323236,0.0,0
0.47852715879660335,0.8615422698912829,0.0,1
-0.9216244154913587,-0.29978318346627864,1.0,0
-0.43438607484718084,-2.012073715840783,0.0,0
-0.7596068775736622,-1.6430996512062652,0.0,0
-0.40771960495571014,-3.096508645698085,0.0,0
-0.7625445620915119,1.0639492780143827,1.0,1
-0.36403364121204795,2.5211376900842986,1.0,1
-0.17147401097066006,-0.20078700680273204,0.0,1
-0.8717050073024313,-0.8006976300268468,1.0,0
0.3849442387400397,-2.944645856932979,1.0,0
0.1332029084131503,1.8264038485043552,1.0,1
-0.46922101812110917,4.422608666478986,1.0,1
0.04649610693339934,-3.594911608733795,0.0,0
-0.8121189784831166,-2.1268658763092136,0.0,0
0.15189299111235854,-1.3591860850882882,0.0,0
0.8585923951524281,-1.128635819364978,0.0,0
-0.3628620950973527,0.454691900286962,1.0,1
0.3348207599273634,3.228499094560455,1.0,1
-0.7364042751912157,2.0171945737202073,0.0,1
0.4326544082371311,1.0551947655486318,0.0,1
-0.4211878141055978,-1.4478574081172042,1.0,0
-0.6336172759857663,-2.2392564673609088,0.0,0
0.1730258696201663,-1.5935506126126018,1.0,0
-0.9597849076250129,3.0961336027574773,0.0,1
0.6578800584347262,-0.12348660291580214,0.0,1
-0.9906090476149059,-0.8936725073252424,1.0,0
0.3556330735924602,-0.3675114604999845,1.0,0
-0.4599840536156703,1.6492364392769354,0.0,1
0.47038804424518976,-2.6256993490995835,1.0,0
0.9243770902348765,2.829748271844845,1.0,1
-0.5024937129600839,0.3129525138925979,1.0,1
0.1523146688356738,-0.4326879565914522,0.0,0
0.18408386254367803,0.885692227493478,1.0,1
0.14450381158174674,0.43679414625987406,0.0,1
-0.5538367347187634,-0.6883929129347625,1.0,0
0.90549802303397,-0.5054213440832134,0.0,0
-0.10574924276474529,-1.7377250937319044,0.0,0
0.6928173449422557,1.3127815017186049,1.0,1
0.3989585506350086,-1.0639876188223236,0.0,0
-0.4051260982897327,-1.9125168448645655,0.0,0
0.6275956394049544,0.33172704530707464,1.0,1
-0.2069885183060307,2.6582825654911066,0.0,1
0.7622063942223232,-0.09668924755963923,0.0,0
0.1625457452717174,-1.2162025139033799,1.0,0
0.7634707237097056,0.8077920416719476,0.0,1
0.38506318015553176,3.873424924805104,0.0,1
0.45050855963928105,-2.9038110588634947,0.0,0
0.002648763853404512,0.7644055755705872,0.0,0
0.9121672694464478,0.4101732504637076,1.0,1
0.2879803984592748,2.3230676071182343,1.0,1
-0.15228990288364064,1.9818183473696904,0.0,1
0.2127864282558487,-0.37341822361955845,1.0,0
-0.961613603381333,-3.3690345108497657,1.0,0
-0.39685036665090134,1.6131275357925192,1.0,1
0.3203470749853701,-1.6703853803829662,0.0,0
-0.41984478557911187,-1.893480821914379,0.0,0
0.23603085799768309,2.2967011613822526,1.0,1
-0.14246259810846773,-1.821700755277305,0.0,0
-0.7290518715550995,2.8056894802004866,0.0,1
-0.40343534808793846,0.671689442810626,1.0,1
0.13992982140252974,0.6382368001725648,1.0,1
0.18174552249634646,0.6145295610111821,1.0,1
0.1486504976991576,-3.2768472514835842,1.0,0
0.30640163971426726,-3.5527772326931517,1.0,0
0.30420654000337777,0.4311061075773696,0.0,1
-0.1371631291320521,1.1360147184528402,0.0,1
0.793093191702126,0.16522206431240202,1.0,0
-0.26487625990420693,-1.643069034039055,1.0,0
-0.12827014946874638,0.03784420776438947,1.0,1
0.7838467100313442,-0.1640683062909683,0.0,1
0.6123879780921715,-1.9143161965508206,0.0,0
0.40777716708073264,2.0279443082243227,1.0,1
-0.7995462253753978,-3.4605521231001717,1.0,0
0.8389652274893471,1.177484813615013,1.0,1
0.42848259909822284,0.7686468104224906,1.0,1
0.997694013135733,2.0194237096234287,1.0,1
-0.7011033906840125,-2.0106237446977175,0.0,0
0.7362521147364285,0.202814293336422,0.0,0
-0.6750141306472504,4.342329898636332,1.0,1
0.23111912856768835,1.3241485779994127,1.0,1
-0.752360034301117,0.20116241745792637,0.0,1
0.6960164586444688,1.0783225482283931,1.0,1
0.6146379174500214,0.17235368476024004,0.0,1
0.13820147722918663,4.38179602647968,1.0,1
-0.18563340554800067,1.967272391578359,0.0,1
-0.8616660090897239,-0.17122990846099417,0.0,0
0.3948575462891273,0.5046628627690425,0.0,0
-0.09291463464386229,-0.7815959921620271,1.0,0
0.44411119894069584,2.41970025282061,0.0,1
0.7327646518572584,-2.8122095427820217,0.0,0
0.9510430100057716,-3.209477059721974,1.0,0
0.711606684785222,2.917429499351987,1.0,1
-0.9765718316299961,4.3062395851411654,0.0,1
-0.2800438710432722,0.9366098153791834,0.0,1
0.45998112484811604,0.22547588247147451,1.0,1
-0.656740645477119,1.3145353806095545,0.0,1
0.042073212408258565,-1.2941070527655185,0.0,0
-0.8913240233214927,0.342487090304425,1.0,1
-0.6000069502071999,0.07781741171243006,0.0,0
-0.9629564110787721,1.2531285014907212,0.0,1
0.5873954067148413,-3.1159970563667927,0.0,0
-0.5521506238792397,-1.014069539530675,0.0,0
-0.3092966386061946,1.6899912060016744,0.0,1
0.8561625869311817,-1.351187655260126,0.0,0
0.40882880384706555,-1.9867227508462708,1.0,0
-0.9363221409373843,4.084144299653908,1.0,1
-0.6706116870041745,0.07623600035880072,1.0,1
0.24295680299952704,-1.1578362798864157,1.0,0
0.15445717720833518,-3.384740874948217,0.0,0
-0.5242143572509828,1.4586926925608523,0.0,0
0.8684279958495875,1.3982723074373875,0.0,1
0.22793191193179196,-0.5975192011398719,0.0,0
0.07126560604991661,-2.2044603818141812,1.0,0
0.17981995270914197,-0.04909884728475807,1.0,1
0.46024405903353927,-1.6717121349632427,0.0,0
-0.3761100090407963,-1.8841871777462318,1.0,0
-0.20355787556781624,-0.20642550292341516,0.0,0
-0.5803125020497557,-2.102780797320129,1.0,0
-0.6276139882393277,0.49329791050489236,0.0,1
0.8887447799678672,1.2159850188127945,0.0,1
0.4791015900985751,-1.6792648943463828,1.0,0
-0.019082382764865846,-2.7364901906767813,0.0,0
-0.5451707440533535,3.122559197911614,1.0,1
-0.4912870364592141,-1.8805404719144097,1.0,0
-0.8839416793522488,-1.3198854102046753,1.0,0
-0.13116674888375845,0.4260343348597747,0.0,1
-0.37640823601179485,1.198738745044594,0.0,1
0.392686977630919,-0.5126337873792856,0.0,0
-0.2444963214150382,0.9215886554025111,0.0,1
-0.6407926448807304,-0.801972315792802,1.0,1
-0.9506425432173375,-1.9423413296487815,0.0,0
-0.8655007370735028,2.8526337215740547,1.0,1
0.3587855469971346,4.976883228662256,0.0,1
-0.09260631088790938,3.3919390660283386,0.0,1
0.0731584222174444,0.2836132783069089,1.0,1
0.7933425860806842,3.666870723631357,0.0,1
0.9806778947934087,0.7114070314479689,1.0,1
-0.5662060312030521,-0.9545725408064587,0.0,0
0.3261564062002016,0.9327591487639577,0.0,0
-0.4733552465256987,-0.18878501282236992,1.0,1
-0.9586980010685426,-1.9662363674914154,1.0,0
0.5167573076722829,-1.796643942864032,0.0,0
-0.3599656983550643,1.6041034774810319,1.0,1
-0.23307221165620406,-3.693063963329346,0.0,0
0.17663422710721144,1.2082734808853683,1.0,1
0.6620969104723808,-3.2591672054968766,0.0,0
0.25796368718229745,-4.242352889804872,1.0,0
0.7453013108947906,-3.677693207516997,0.0,0
-0.45291593036872846,3.9335279438694797,1.0,1
0.5960936678251274,-0.392467929887084,0.0,0
-0.6287281113880956,0.17316636033083818,1.0,1
0.9055833139438891,2.8385100918219024,0.0,1
0.3749765527756306,1.8683594969994497,0.0,1
-0.5689846457728831,-2.783010538808439,1.0,0
0.8947411809778485,1.7380126856375222,1.0,1
0.46171161354031565,0.3683625294070926,1.0,0
-0.49211671480994834,-0.6833561951917612,1.0,1
-0.573376045265036,0.048581828275560776,1.0,0
0.036401427861326496,2.559624041256044,0.0,1
-0.9486745638909369,-1.7719329640819057,0.0,0
-0.5850598491177812,0.8017713582082423,0.0,1
-0.1506290624969875,-0.01931447306581669,1.0,1
-0.2516600393315489,-3.594329230791237,1.0,0
-0.07284915127037861,-1.6045063434616216,1.0,0
-0.4447425874105362,0.3864271064673929,1.0,1
0.17356869291633759,2.5946841781857812,0.0,1
0.7277112118464628,2.002662034693459,1.0,1
-0.7649362880759338,1.19442500880685,0.0,1
0.03475821430822834,-1.630551322272917,0.0,0
-0.7358637873096934,3.60242798161707,1.0,1
0.4337193623851874,0.43048093527922293,0.0,1
-0.2078805943854125,-2.0127310433571006,0.0,0
0.13084262371701794,-0.365809961713902,0.0,1
-0.6334403275718428,1.7924968507123187,1.0,1
-0.7103044813132455,0.015234996636316214,0.0,1
-0.02388743870209087,1.773729373165522,0.0,1
-0.28877452430008876,2.2073879149243005,1.0,1
0.8808638905056261,0.8010613691974123,0.0,1
0.5306505076139305,-1.715405246093788,1.0,0
0.4973272397010946,0.27090932637996107,1.0,1
0.8074394794918669,0.09033171187766201,1.0,1
-0.8331551291159629,3.7186926677032566,0.0,1
0.10438493984481312,-3.25264387565366,0.0,0
0.16895213791153774,-0.2696449021887081,0.0,0
0.923872757094458,-1.1681870935898386,0.0,0
-0.4157049464149023,0.6702112403919978,0.0,1
-0.5183424401691064,-4.875128718398712,0.0,0
-0.7994121154690044,2.22984911898056,1.0,1
-0.9671407408170516,0.027496974671067313,1.0,1
0.8590586335843811,-3.6894023272560923,0.0,0
0.3398330931818201,-0.7222262694797322,0.0,0
0.5703058240462755,1.2179246833090485,1.0,1
-0.43653978849210184,-3.182895750916063,1.0,0
0.17282033237265337,0.006444432886311398,1.0,0
-0.8720894677580378,-2.11494729560306,1.0,0
-0.028744808130754196,-1.1119700637579346,0.0,0
0.9549902794888936,0.05347676534927386,1.0,1
0.7530104906331816,0.3669005071631526,0.0,0
-0.32368209632630873,-0.9414849963654545,0.0,0
0.923140309082997,0.5455927790605283,1.0,0
-0.536596747057591,1.6359552145096115,0.0,1
0.8986376448313629,-0.5578285502064796,1.0,0
0.8827554094129972,2.8631355148985818,0.0,1
0.5984051747047834,2.924428341560839,0.0,1
0.26089587373358225,-0.8574041311716577,1.0,0
0.748575933249894,-1.2756811129471686,0.0,0
-0.4139594309844066,-3.328345970332347,1.0,0
0.6978871106258364,-0.2531386632787797,0.0,0
0.23575338383504763,-0.7268755602321028,1.0,0
-0.973526284482201,1.558102440265983,0.0,1
-0.30553296413556086,-3.0193232121365976,0.0,0
-0.7037182781036699,-0.5547827834862197,0.0,0
0.9636587796365064,1.9374887862222907,0.0,1
-0.043259385920023874,-1.4607141911159198,0.0,0
-0.005217269002674607,-1.5247230734552186,1.0,0
0.2789450327974472,-2.893880669511617,1.0,0
-0.26283078774076496,5.241147692036479,1.0,1
-0.7261994566288021,-1.4949463561307588,1.0,1
0.644235466388491,-2.6006936644366783,0.0,0
-0.6203041761944841,-1.60770080806304,0.0,0
0.02263796509291205,-1.548590160973609,0.0,0
-0.5513659420505215,-0.5387795569024806,0.0,0
-0.8043110310119319,1.6507444641750295,0.0,1
0.7243830348433666,-0.5966463379916674,0.0,0
0.9458389780462606,-1.8456466299936558,0.0,0
0.9216693161260003,-2.9026769963820502,0.0,0
0.8131109984423579,0.04371471643974274,0.0,0
0.5480946653972776,0.08507814805958144,1.0,0
-0.33370969594271616,3.0618647020576493,0.0,1
-0.8377972200240065,0.18489547093961717,1.0,1
-0.18551765717238533,-0.19801662256815475,1.0,0
-0.5355317156581145,-2.101307673174979,1.0,0
-0.735024730484034,-0.6119051501967838,1.0,0
-0.8931456364263495,-0.8769489160692121,1.0,0
0.45118872842115754,-0.7403283290274051,0.0,0
-0.9771450827499379,-1.9185107852811765,0.0,0
0.5411614970055525,1.0766592065523537,1.0,1
-0.7061067091992499,-0.28489083501873874,1.0,0
-0.8409558348264885,-0.4007069600099748,1.0,1
-0.8207939315227892,-3.4280922320979927,0.0,0
0.3440956147078289,0.9872881750497278,0.0,0
-0.5092655802943105,0.9740306519607589,1.0,1
-0.1589210666398031,-1.6782588056844274,0.0,0
0.11473758264783385,1.9802427677583874,1.0,1
0.7211023476575875,-2.7295164601648647,1.0,0
0.45408852542265654,-0.04373981757815975,0.0,0
-0.4593441895225707,-0.5424146797803278,1.0,0
-0.7370344014177448,-2.6343495776115886,0.0,0
-0.8892513591576041,0.3794052241599915,0.0,1
-0.39680273103811503,3.4051403044835826,0.0,1
-0.4757637015206435,0.13526846013383953,1.0,0
-0.0877188663990407,-0.9260435082181019,1.0,0
0.3665626710953609,0.8940483137713565,0.0,1
0.3912508912777144,0.21143999093430987,1.0,1
-0.4329623068356667,0.05552426325100297,0.0,1
-0.24014608819975902,-0.8510844255428961,0.0,0
-0.6376980765261939,2.8439511185849295,1.0,1
0.5770910246130374,0.9127267269615708,0.0,1
-0.8863038471335194,-1.0573413178709772,0.0,0
0.3939944834499747,-0.21600767356191586,0.0,1
0.5573907918822067,-1.4817334084081453,0.0,0
0.5548151236975063,-1.21658230016299,0.0,0
-0.48115487130929013,-1.281451448380398,0.0,0
-0.25237372413487713,-2.268623187444455,0.0,0
0.17519927039277805,1.5545539275359108,0.0,1
-0.45435619515106596,-0.5820829265460515,1.0,1
-0.25829440156422256,1.1082551566535395,0.0,0
-0.6058914396287207,-1.340251795454593,0.0,0
-0.08028823248798522,-0.1207249887846773,1.0,1
-0.9107753974917718,-1.4220811935822224,1.0,1
0.599591769141236,1.4393363410746634,0.0,1
-0.8460871060267345,-0.49683861341007646,1.0,0
0.03767029766305208,-1.4617471719027717,0.0,0
-0.3863798009096078,-3.2834064576195683,0.0,0
0.15508589766275094,0.5513330986815488,0.0,1
0.9188666816668503,-1.4167701046762142,0.0,0
0.2911404889120077,-0.03155843424199035,1.0,1
-0.9292751284890182,-0.9834602160270552,1.0,1
-0.13919512098387754,1.9083791617975299,0.0,1
0.02003370463650045,1.088289504716016,0.0,1
0.07235498940690399,0.894424174909663,0.0,0
0.36278502120767575,-1.2322422466469585,0.0,0
-0.44480780453646784,0.932580087100379,0.0,0
-0.7422788690673596,3.429663217352086,1.0,1
-0.2146486469058113,-1.664372068300124,0.0,0
0.9128114455918976,0.34467827845837756,1.0,1
-0.6257382164983105,-3.298433948834264,0.0,0
0.807967909856474,2.797124184251071,1.0,1
0.0876119001546527,-0.7958241971816828,0.0,0
-0.08617715670846837,1.565157761683955,1.0,1
0.7640828204597792,-3.446456501432646,1.0,0
-0.08279207646282827,3.5950787742518093,1.0,1
0.44833527322308653,-0.7137430560511969,0.0,0
-0.20194935659379598,1.091314646940055,0.0,1
0.8080887858019155,0.3016364126651876,0.0,0
0.3800500403824547,-0.5109415723755388,1.0,0
0.3992441085010334,3.371584605318607,1.0,1
-0.3445591968857622,-3.2960924127323596,0.0,0
0.5135572854737784,0.5974273199840179,1.0,1
0.2721221108942826,1.8212913444599406,1.0,1
-0.5199594532405809,-0.05971224327273253,0.0,0
-0.6789223550294872,-0.2363415687331836,1.0,0
0.5927829490346634,-0.28537542414693007,1.0,0
0.918333206070445,-2.455272840820816,1.0,0
-0.0837223454799143,0.0762547681898693,1.0,1
0.18196833064736984,1.0254350469447975,0.0,1
0.7154452883871092,0.13719845496132105,0.0,0
-0.08555309329228589,-0.5445522022901612,0.0,0
0.9037489536654724,-0.9794500447460535,1.0,0
0.15150232408974484,-0.5585933385567443,0.0,0
0.6415342414026299,2.5154884349920765,1.0,1
0.8176874368254767,-4.173269958841085,1.0,0
0.6310476375371377,0.08014291309555091,1.0,1
-0.6811710731020881,-0.6555098345928335,0.0,0
0.2577968781234008,2.911615903673687,0.0,1
-0.20313148276064585,0.11098445088760554,1.0,1
-0.8745740959533086,2.969851197399908,0.0,1
-0.1519354962203161,-4.247780036091118,1.0,0
-0.4826318662211846,0.9191698096681123,1.0,0
0.6980766168570216,0.5601157200753603,1.0,0
-0.9333907469066076,2.781067934147876,1.0,1
0.9179654437269471,-3.2826972176460583,1.0,0
-0.28926230305614076,-0.3100716162366516,0.0,0
-0.2865862191949142,0.13212052357298518,1.0,1
-0.9673429946325842,-0.9915909890904187,1.0,0
-0.6295353495276321,2.4331554274858807,0.0,1
-0.19748099839278255,-0.6773643708907952,1.0,0
0.8585828346054278,4.069525088042307,1.0,1
-0.8007701395574573,2.1083558178778454,1.0,1
0.890603066958159,1.9016673940075992,1.0,1
0.7389770610932644,1.1185979627817686,0.0,1
-0.09167520618489644,-2.127391182051096,1.0,0
-0.34659823646347987,-0.8621926750215142,1.0,0
-0.5345117414418863,1.1455027337144317,0.0,0
0.2289294129537487,1.3551140671754343,1.0,1
-0.9338508170489888,2.614367690162515,0.0,1
-0.9687878711063436,-0.9348820192518127,0.0,1
-0.14240855500352434,-1.7203067698493264,1.0,0
-0.8638518520505596,1.7182083855710613,0.0,1
-0.4961180235078142,-1.6192531520802254,1.0,0
-0.5576781693078323,1.7466236721408244,1.0,1
-0.49361761255429615,2.3994723528300756,0.0,1
-0.7378895375694845,0.9123060716541107,1.0,1
-0.9759275542046915,-0.7151580639371958,1.0,0
-0.7690314057225038,0.08216445228775913,0.0,0
0.23696051902549575,1.1869318392064783,0.0,1
0.9485124256361006,0.020371037424146927,0.0,1
0.9806900031217878,4.396592677340985,0.0,1
-0.18189180925387682,-1.9813418612542983,1.0,0
-0.6740911479067893,-2.005337174739582,0.0,0
0.2775235147330586,-1.9537907734706503,0.0,0
-0.019389306902525716,-1.1791598450904313,1.0,0
0.9788195545688629,-4.357863040389819,1.0,0
-0.8693915856964396,-1.2593008538803625,1.0,0
0.5664688766276262,-1.306569403855778,0.0,0
-0.42320300533701216,0.15702805034835257,1.0,1
-0.517162759846852,0.8356011664121629,0.0,1
0.3250091430653519,-2.4804326728155406,0.0,0
-0.5078736300180711,1.8001084855281446,0.0,1
0.3317182351183754,3.6044844595810943,1.0,1
0.03461703440457753,-0.4165702061899927,0.0,0
-0.1518220231283014,3.1487424749511432,1.0,1
0.10937561732283796,0.39797898881037547,0.0,0
-0.4258969601607405,3.9774638371907822,1.0,1
0.41314941254595783,2.2345669313763805,0.0,1
-0.17028626133287195,-3.1278092696795325,1.0,0
-0.2789088790282155,0.037254741322710914,0.0,0
0.6573138291114755,2.1086499498081555,1.0,1
0.8499338239063843,0.061093162081233776,1.0,1
-0.9079853782254061,-0.07376706169013389,0.0,1
-0.534746014340469,2.539529500628608,1.0,1
-0.30296126101487353,-1.419708364292208,1.0,0
0.6299329587404947,0.03503122655643667,0.0,0
0.9709828552865951,0.6472515292182374,0.0,1
0.9379434093407035,-0.6675819207071283,1.0,0
0.8098966910998537,-0.04025820775507495,1.0,1
-0.40688746987194024,1.5500465264483405,0.0,1
0.9840224868289482,0.8656752429999879,0.0,1
-0.5011599178870976,-1.6174350639590673,0.0,0
-0.7881876902355356,-2.2082479715985235,0.0,0
0.9019052221107882,-1.5782043605133005,0.0,0
-0.5331594890638074,0.0024969115769732106,0.0,0
0.37953653015550093,-0.31987957551408563,1.0,1
-0.8832872820388227,-1.6639149864342495,1.0,0
0.46141819825495234,-1.1963009050329716,1.0,0
0.7634404246676794,-3.0400785703841273,1.0,0
-0.455126209068075,0.8357074064346519,0.0,1
-0.24188620784514292,-0.08003745070326584,1.0,1
-0.25140763335816785,-2.5195746868105404,0.0,0
0.49757651508026624,0.05724100837556564,0.0,0
-0.5243855149219223,2.6852440210207065,1.0,1
-0.656293801904714,-1.4798717059305193,1.0,0
-0.10141670262452385,2.6302753314419447,0.0,1
-0.391063185245361,-0.6469149449668476,1.0,0
0.6783782445173048,0.39565633569973563,0.0,1
-0.5245163479687225,0.19550160484437057,1.0,1
0.004778914978522897,2.803046832010491,0.0,1
0.8851671993958607,0.3168676935710634,0.0,0
0.2679953954893215,-2.283802838407693,0.0,0
0.7345788109249296,-2.6219407408824247,0.0,0
0.8804193787095347,-3.0658421068602557,1.0,0
0.5015297237727039,-3.4239403281884426,1.0,0
0.3991501204495027,0.09227011791136985,0.0,0
0.9359311332084541,-1.916748960453123,0.0,0
0.9888015792953588,-0.16162322588748193,0.0,0
-0.09635663466048072,-1.4077180719808933,1.0,0
-0.8582604436315833,-1.5415686014131305,0.0,0
-0.4144119371189623,-0.9616906817454582,0.0,0
-0.6952905886245391,1.4071711092867767,0.0,1
-0.1650272504079764,1.8582902955373821,1.0,1
-0.7374213430534879,0.7423451052980784,0.0,1
0.208235608041764,-1.9796450990942385,0.0,0
-0.2343838816842918,1.2872625509066769,1.0,1
0.79077176857642,1.3777933332158645,0.0,1
0.9355893435970037,0.5492944072248891,1.0,1
0.09376980333884433,-1.2072408720381813,1.0,0
-0.4503528602648068,1.4177191507342806,0.0,1
0.1844608375236736,0.8456371493533229,0.0,0
0.7935223164488197,-6.233713183198252,1.0,0
-0.18653330832850346,1.2889040668220846,1.0,1
0.1041565533839417,-3.827485341723014,0.0,0
-0.45669446478770825,1.327123153182763,1.0,1
-0.08911170109994604,-0.3081447968496706,1.0,1
-0.19657292924080272,2.387223361498396,1.0,1
-0.503173069834058,-0.19632242241186107,0.0,0
0.011732767650616704,-1.7732285201122249,1.0,0
-0.37923834804037715,-0.2947073291656873,0.0,1
-0.25393027223850506,2.119612589867549,1.0,1
0.049940884508528516,0.05249323572317477,0.0,0
0.501190045857975,-0.22867031974475358,1.0,1
-0.33298506841744935,1.4871070310166739,0.0,1
0.8483175332415271,0.42071873325962583,0.0,0
0.7246370936718047,-0.011854811666463612,0.0,1
-0.9026194080489429,2.732120136806663,0.0,1
-0.49271495148635447,3.1102280641181355,0.0,1
-0.10772897468159615,1.2266524526574023,0.0,1
-0.7907442225150518,-0.5719183029703458,1.0,1
-0.30304802193300584,2.9938219870416543,0.0,1
0.480195051235365,2.366239114663414,0.0,1
0.36102896228565173,1.4377943310565833,0.0,1
0.2447688571320097,-2.432153161491722,0.0,0
0.42105680544469126,0.28134380661592184,1.0,1
-0.5901526260805965,-1.4873443494017462,0.0,0
-0.31660377027053577,-0.31802450310871866,0.0,0
0.35248496455492573,0.4801138585934374,0.0,0
0.7584695260626542,0.20031881618124697,0.0,1
0.0873561076561904,-0.950350211658497,0.0,0
-0.43460069810892676,2.5459074978398215,1.0,1
-0.9395294839880348,-3.3922625336630863,0.0,0
0.4206736579484267,1.4603670622592289,0.0,1
-0.9842317929831192,-3.714966543189076,0.0,0
-0.25464186035800895,0.7651962734469258,0.0,0
0.0610744291255636,-1.7738086525677512,1.0,0
0.8442229235343861,1.7566075154650609,1.0,1
-0.8210109099341998,0.1729050480151869,1.0,1
-0.18811535606343255,0.4954127569336486,0.0,1
-0.9513736005796845,-2.036558651133703,0.0,0
-0.31477803131681936,-1.3091402699951677,1.0,0
0.2444621176795898,0.4144347868219067,1.0,1
-0.44186410354280325,1.167139853818608,0.0,1
-0.5805001006887298,5.858192483527723,1.0,1
-0.7685935333458127,0.44571664620697343,1.0,1
0.15428048804068362,1.9520750507378515,1.0,1
0.39054001180937203,-3.113867865018521,1.0,0
0.3439142811916447,-2.659783722668126,0.0,0
0.8977220414410148,-0.710989549216904,0.0,0
-0.9945935722129946,-2.3948553912771327,0.0,0
0.29439330778807205,2.972798506932769,1.0,1
0.20078447419527912,-0.8204373855606575,0.0,0
0.17747921994057636,2.764363776786277,0.0,1
0.9255406396804848,2.9735649481712616,0.0,1
-0.9662566532599206,0.08555943976713379,1.0,0
0.3929648614029002,1.003599507615278,1.0,1
0.6273572994037269,-0.1121989466818058,1.0,1
0.01961439324316827,1.0768740007090774,1.0,1
-0.3320702608063817,0.9666837035611435,1.0,1
0.5816803264548098,-0.24729925178406142,0.0,0
-0.8055141487351507,1.0099399629256807,0.0,1
-0.11592872454014946,3.4473925513345236,1.0,1
0.03990474914167641,1.4260324594218754,1.0,1
0.38791282186909504,0.6515992272812511,0.0,0
-0.8182285359351811,0.24953904208642483,1.0,0
-0.5444809969242781,-2.025346247537182,0.0,0
-0.17939687461974874,-2.054593754150925,1.0,0
0.24658934604026128,0.6467130629605172,0.0,1
0.773921562434835,-2.7387822480943145,0.0,0
0.23765233648275297,-1.5326551979271663,0.0,0
-0.7330770581301311,2.5630226807282663,1.0,1
0.9611602655745648,3.828459394125628,1.0,1
0.7435714695109858,-3.331912153595437,0.0,0
0.005441522290648093,3.253299124603164,0.0,1
0.844695963593266,-0.42287658169111325,1.0,0
0.08276158751427154,-0.03001017406272961,0.0,0
0.8466121357783263,-0.22682326128546793,1.0,0
0.6597947372066864,2.1610882540509744,0.0,1
0.9365728205885946,-3.215353158086354,1.0,0
0.8395656215563168,0.9123272227102668,0.0,1
-0.927932365142861,-1.8897403947760218,1.0,0
-0.6504559916781201,1.1415770587631475,1.0,1
-0.22173064579762847,3.0855926765861037,1.0,1
0.9042853945908416,-0.0008346528252403335,1.0,0
-0.39994216104814084,0.7483101719416051,1.0,1
-0.6790647122247979,0.8191035564753827,1.0,1
0.7726093321731198,-1.5991869993409802,0.0,0
-0.10721116903359418,3.0232786997686367,1.0,1
0.8157511887086522,3.412936494521978,1.0,1
-0.6795390673597135,1.403566744234058,0.0,1
0.322235023016199,0.14657086401529093,1.0,0
-0.11947249434101637,-0.9237876307085693,0.0,0
-0.8470264619394292,-1.252980446298175,0.0,0
0.3929262893050012,3.421673165093311,0.0,1
-0.5052024889216926,2.8288300854580473,1.0,1
-0.9207689548409645,-0.12732297757909886,1.0,0
-0.8801114035008535,-3.1598610593422474,0.0,0
-0.8778429258664253,-5.664023739817974,0.0,0
0.8154659149700789,-2.1668533205285594,1.0,0
0.479767835658202,-0.2612407919902388,1.0,0
0.7961247144274701,2.801378068886003,0.0,1
0.3451646225930427,-1.3033124181155615,0.0,0
0.05787985806176632,1.0096309126810035,0.0,1
-0.3911072713052435,2.606361923296865,1.0,1
0.9959245026573469,0.2570726337120963,0.0,1
-0.2756218821212213,-0.28489573757768266,0.0,1
-0.05870210157218092,-2.617527028477216,1.0,0
-0.24350965015307646,-2.4049506164088656,1.0,0
0.9590538586709172,0.8321992688316466,1.0,1
-0.6506832292099884,-0.40181506640185344,1.0,1
-0.34402399818384066,0.24506263530660308,1.0,1
0.3606973320300031,-0.09455543139249428,0.0,0
-0.8735847633227387,1.328288098717301,1.0,1
0.214498748023082,-1.5693748228588904,0.0,0
-0.04470699424716784,-0.6711612871663338,1.0,0
-0.4320000464757978,3.792364457266288,1.0,1
-0.523173438151884,-1.5995722767715415,1.0,0
0.029025486597513472,-0.5631508616002042,0.0,0
-0.26414483892591734,-1.1787734039571387,0.0,0
-0.0869602174746893,0.8895627248145004,1.0,1
-0.32504523647152017,2.044784644884139,1.0,1
0.9409873871919552,-0.9964232371722193,1.0,0
-0.733121136508792,-0.8628286822093705,1.0,0
-0.8063920936432516,-0.5579632106060606,0.0,0
-0.3132165424181679,1.0596675669499154,0.0,1
0.1820538017409825,-1.4787906050203907,1.0,0
0.3183529437000565,-0.7519199319425183,0.0,0
-0.2054865056639159,-4.744387743026031,1.0,0
0.9985559878443422,-2.7634900189899705,1.0,0
-0.2962140076139148,-0.22488751203857643,0.0,0
0.4428133359199049,1.7957283464062428,0.0,1
0.2751653890615857,0.5901515666037248,0.0,1
0.6261077264949213,-2.197536913334599,1.0,0
0.95245132690764,-2.800512416255884,1.0,0
0.7795873128910804,0.3493601857963375,1.0,1
0.5291239487154171,-3.305607284505687,1.0,0
0.39649695563658116,2.1318536374337778,0.0,1
-0.32900366064820075,0.12779238330035653,1.0,1
-0.7046288435865853,-3.214640318468116,1.0,0
-0.8747279938803805,-1.9319077176837394,1.0,0
-0.5161965915970304,-1.4486226384622456,1.0,0
-0.13543703763740278,-1.5463850204468774,0.0,0
0.04399254725996493,-2.9798660164429847,0.0,0
0.5461671081097432,-1.7493250439776904,0.0,0
0.917481846113186,-1.3688031122808524,0.0,0
-0.765359039230378,-1.4225715112208766,0.0,0
-0.7859917196124169,2.255913249866761,0.0,1
0.1793894460271015,0.20965560565442914,0.0,0
0.4907961478945859,-1.9865144348751047,1.0,0
0.6963007606939697,-0.6692432119082441,0.0,0
0.8716641604335771,-1.7591141946227684,0.0,0
0.966852484521284,-0.600013318023514,1.0,1
-0.20039661555094823,1.7510183062827664,0.0,1
-0.23932963294485377,0.5045415612242508,1.0,1
-0.7043826466054552,4.571202363056133,1.0,1
0.3698688773671188,0.7518548515349603,0.0,1
0.31352391688167414,-1.827189019954214,1.0,0
0.7241251917024145,1.6194814616288948,0.0,1
-0.8054840104247187,2.1598624342850714,1.0,1
-0.004446184349316429,2.1883339828878876,1.0,1
0.16216385934412614,-2.188481906070183,0.0,0
-0.5168859199201632,-0.295274829029675,0.0,0
-0.6619491877416774,2.263623913656905,0.0,1
0.7191616728392429,-3.3694579177478823,1.0,0
-0.8829301555288824,-0.9988335220440766,1.0,0
-0.05875819216385425,-2.853875370853983,0.0,0
-0.7683319973982294,-1.8651404597940264,1.0,0
-0.08588247733726528,-2.0249143054876124,0.0,0
0.9599246526846186,2.50113966508687,0.0,1
-0.1525872930890544,-0.4690760698175008,1.0,0
0.7142498350091346,-1.7267111626835652,0.0,0
-0.7653688716336122,-2.0712114627689893,0.0,0
-0.45749584647627173,0.2833343297430606,0.0,0
-0.192414518665331,-0.022271254681334215,0.0,1
-0.20037571998133852,2.688148749346854,0.0,1
0.34276695734030627,1.0000333917146051,1.0,1
-0.31056374524898467,-2.863595556130075,0.0,0
0.4275337368200327,-1.2579614151825367,1.0,0
0.278373798450785,2.140145024141954,0.0,1
-0.20167770949045383,-1.2421653954027547,0.0,1
-0.13647974469136148,3.469144349847418,1.0,1
0.22905539962064148,-2.1965788626494933,0.0,0
-0.8599156197107107,1.1452267060815804,0.0,1
0.6448134767113807,-1.722431106797283,0.0,0
0.3068423222272738,-1.0191902658927148,0.0,0
0.45268492883567046,2.197163296462293,0.0,1
0.07384600216478088,-0.25413432567703387,0.0,0
-0.7790457780165105,1.6269044902282142,1.0,1
-0.18992877340610015,0.9465811898295989,0.0,1
-0.18925283430288786,1.5077313671246015,0.0,1
-0.3579140199135662,-1.7763764221710265,0.0,0
-0.9400993501905013,-0.44314879640800137,1.0,0
0.47450848519295463,0.8485052362017405,0.0,1
-0.7804310838749986,-1.6981457453873208,0.0,0
0.21261626609017026,3.259000086464657,0.0,1
0.4064349929344315,-1.5544560843102688,1.0,0
0.2695726458673895,-0.6000071538755904,0.0,0
0.91828450395595,-2.013118129588475,1.0,0
-0.7934036898297228,-4.286616130477377,0.0,0
0.7343343182103983,3.593837045149856,1.0,1
-0.9416195303021735,-0.4086778738060945,0.0,1
0.06983370985416792,-0.8958296768310805,0.0,0
-0.19151276412148244,-0.39743012334159733,0.0,0
0.04836772078751639,2.8397279443928714,0.0,1
-0.2698002458799804,-1.9302132161288346,1.0,0
-0.6188661701198639,1.3591357315301649,0.0,0
-0.9617542051026204,-0.8475764970989527,0.0,0
0.036299627582348615,-1.1933417110766196,1.0,0
0.6855537253696846,1.1341164250403648,1.0,1
-0.2535680885104117,1.9764811474853938,1.0,1
-0.5542723639700395,-1.027805900559831,1.0,0
-0.8389359930563118,-1.5376983193496199,0.0,0
-0.8293781537625933,-2.3381914946440543,0.0,0
-0.5572071074144556,2.207007533456751,1.0,1
-0.7999718781568896,-1.150511989612236,0.0,0
-0.4699206032710359,-3.6982614545509023,0.0,0
-0.8677010757660906,2.8199042767922924,1.0,1
-0.8687902655801487,-2.7397190039058845,0.0,0
0.7125523592455638,1.558921062518123,0.0,1
-0.6757594785823335,0.36685729333504946,0.0,0
0.11936481164689594,0.5758308644305568,0.0,1
0.5469110888980611,-1.1687505506226439,1.0,0
-0.08718086932186675,0.7311829204492721,1.0,1
-0.6932622442813086,-3.3355597857684747,1.0,0
-0.6008077157597713,1.1760754974796257,0.0,0
-0.13403158743763854,3.1140200830643203,1.0,1
0.05646817835707152,1.7680543948526524,0.0,1
-0.30111941590293023,-4.039080170773443,0.0,0
0.5629592004693227,-1.9684180045456965,0.0,0
0.5020432977127969,-0.3755898439496138,1.0,1
0.8544236147462358,0.9738746098798653,0.0,1
-0.9420949019460789,-0.2133053473204502,0.0,1
0.7913825824204068,-0.9864287742209956,1.0,0
-0.21486242307569792,1.1906006153845856,0.0,1
0.7567449907599881,2.3283035324499326,1.0,1
0.3815695523130591,-0.4645880143731947,0.0,0
0.9746975141479364,1.4578597347704787,0.0,1
0.5185649034333362,-5.158101490378949,1.0,0
-0.2709107480064268,-1.8750187722174585,1.0,0
0.002126345669504204,-0.642517874116019,1.0,0
-0.24722168961129753,-0.9771324415092515,0.0,0
-0.2701763279575238,0.6655964348089095,0.0,1
-0.4781910012378805,2.0275010949965213,0.0,1
-0.008059409253060812,1.013338052056777,0.0,1
0.3634798901387224,-1.2444509435101117,1.0,0
-0.44531945738951295,-3.045536181008372,0.0,0
0.04875962215443996,1.113928241157774,0.0,1
-0.7652394116588856,-3.6763534793400243,1.0,0
-0.6803094262916174,1.306074566812857,0.0,1
-0.9063872905756225,-0.3768981642601365,1.0,1
0.9414628855412657,-2.3516699758764577,1.0,0
-0.9922792969794778,0.5745146249335855,0.0,1
-0.6428400638846874,-0.005752205318001981,0.0,0
0.2257335062339847,-0.0731945858324938,0.0,0
-0.8372608022933894,-0.16844659305478807,1.0,1
0.7637930061936646,0.839048216852283,1.0,1
0.43924031568457633,1.8488680439170189,1.0,1
0.9327799428757868,0.9932303969677031,1.0,1
0.015271094481529746,2.024266379644619,0.0,1
-0.3991926336830256,-0.08827943769561249,1.0,0
0.09900114559054285,3.236918648463949,1.0,1
0.8616374345959463,1.1422196442596453,1.0,1
0.04152287448372105,-1.0873880593655536,0.0,0
-0.4655859362753627,-2.18779011346881,1.0,0
0.7547975783482392,0.4115936074681599,0.0,1
-0.25616250297507737,-2.6130430458452016,1.0,0
-0.9972333000020017,-1.946751935113497,0.0,0
-0.5046299550153681,0.4781741607471985,1.0,1
-0.3635329816458752,-1.2157748925639082,1.0,0
0.7175549364638043,-1.8666324804538446,0.0,0
-0.08299366586710999,-0.06895009217679651,0.0,1
-0.11082542437739851,0.14535579820757977,0.0,0
-0.32779546720022523,-0.41166805043747523,0.0,1
0.7613562460941592,-0.7550938381185771,1.0,0
0.8900535538807828,1.7092854574248972,1.0,1
0.9837806583092588,0.6848547025736552,0.0,1
-0.2465174660780265,-0.44685222438939204,0.0,0
0.9322948912543427,4.928643867030731,0.0,1
0.5837591392618027,0.38766347385682615,0.0,0
0.3513782952885336,2.2640102673546596,1.0,1
-0.5102210411598012,-1.121962006263513,1.0,0
-0.5670854781115804,-2.7258818944160192,1.0,0
-0.6679043509575087,-1.5835130312869288,0.0,0
0.8455132204507307,-0.5360195667962239,1.0,0
-0.4118466752336678,-0.993216419459034,1.0,0
-0.09381150910224312,2.672772364645587,1.0,1
-0.012084332025553035,-0.24008224419221605,1.0,0
0.5563431909005083,0.9229377548822798,0.0,1
0.6884699231060483,-0.09296231206578064,0.0,0
-0.7218545977027744,-0.8671086654663351,0.0,1
-0.1461912795778526,0.07599202690703,1.0,1
0.6857097756709143,3.4281029395414637,1.0,1
0.6360666115116769,-1.5358971834736301,0.0,0
-0.7951724830951672,1.5339809011191023,0.0,1
-0.687233302264074,-2.0520145032515638,1.0,0
-0.39160261680118436,-0.9192528845388779,1.0,1
-0.8492818618333193,0.007166411909167294,0.0,0
-0.15067399431881423,0.6527501794539814,1.0,1
-0.7847645897008362,2.966257255947628,1.0,1
0.13643518733969007,-0.10016528292907083,1.0,0
-0.5068861203776878,-1.687231213071853,1.0,0
0.1928661306992454,1.3000839461015394,0.0,1
-0.7649487141927247,-0.7283396178315119,1.0,0
0.9517677368370667,0.47736314186367074,1.0,1
0.8651224077146809,-0.2324448790755037,1.0,0
-0.2164061228706684,-3.8869137025736453,1.0,0
-0.5156428117478291,1.0165983711879463,0.0,1
-0.49920357429285445,1.1667360136425975,1.0,1
-0.033212929595215934,1.8532095366172108,1.0,0
-0.9200143961985661,3.6009255249204553,0.0,1
0.27941021215025397,-2.3902075469269515,0.0,0
-0.18339418332051038,1.0330148885635189,1.0,1
-0.24518685482222535,0.8185899932819107,1.0,1
0.6187299429783968,-0.8381639856156442,0.0,0
0.41807092036658,0.7942124728995575,0.0,1
0.908667630785384,0.999293910223932,0.0,1
-0.29612751900861856,-2.437367659954394,1.0,0
0.795085529298811,0.4924455225528644,0.0,1
0.5399343725001777,-1.8359686120092311,1.0,0
-0.2851506968105739,-1.303712999861181,1.0,0
0.24333087290651556,-3.5494896303773,1.0,0
-0.42286008469660885,-0.9467218510049575,1.0,1
0.7487998341496847,-0.4071413429469539,1.0,0
-0.7751453655753775,1.0997137345927817,0.0,1
-0.5751312774119179,0.0017998533422143093,1.0,1
-0.6339334158401577,-3.0845763015993573,1.0,0
-0.1939479951914227,1.7242961137685346,0.0,1
0.49046592006425827,-0.23717324710018461,0.0,1
0.05381489810436069,0.9767411808593148,1.0,1
-0.024647352923584886,1.9318722369194024,1.0,1
-0.9989080702060087,2.8452094979380695,1.0,1
-0.14919654928989057,3.9224539787300308,0.0,1
-0.8728924503276831,-0.14447751734333592,1.0,1
-0.5834934957570324,0.6222488921873071,0.0,1
0.8647878779209888,-2.1567221816335596,0.0,0
-0.5692035913135236,2.123200340070522,1.0,1
0.716675277268525,-2.3697748891435393,0.0,0
0.6057867431226684,-3.610503377260842,1.0,0
-0.6817075261155143,1.6607720106807835,0.0,1
0.21142391454055764,-1.0433930498956308,1.0,0
-0.7686762561899734,1.5552145626844809,0.0,1
0.45577631673902297,0.8161492986923374,1.0,1
0.27492455474441324,-3.2600053020474173,0.0,0
0.6238771233820386,-5.439358728645229,1.0,0
-0.04123090122162387,-2.1932034941854384,1.0,0
0.8297261756667658,0.03298297396172908,1.0,0
-0.9013021064231206,-2.4435526693895437,0.0,0
-0.4142228699459707,-1.3055228986974259,1.0,0
0.43010519493033406,-2.917881461194651,1.0,0
-0.16378157650399827,0.3397559195938489,0.0,1
-0.6540972914576872,0.18165185407265041,0.0,0
-0.7855785091429079,-0.9627852480952666,1.0,0
0.6346782229232428,2.7941306026274852,1.0,1
-0.053714043068711526,2.995430054639127,1.0,1
0.7645673438382148,1.130534405072902,0.0,1
0.4665782686334521,-3.599542362933489,1.0,0
-0.18054758873851284,-2.209380294411219,1.0,0
-0.2529779716886327,0.8142606621664963,0.0,1
0.03127669330250349,-1.2571151604891795,0.0,0
0.7781199063794573,-0.974182863423647,1.0,0
0.47455715942833576,1.79793478917612,1.0,1
-0.9896940714619535,1.021749643784835,1.0,1
0.3883157027382511,2.6283088676278976,0.0,1
0.8390148138116413,-0.8584185932929547,1.0,1
0.42091151900898316,2.7504508408937944,0.0,1
-0.6459884368650082,-1.1082624941689714,0.0,0
-0.0329637451450826,2.998982980277526,0.0,1
-0.7193679641531612,0.21166928723355735,1.0,1
-0.28200944332073585,-1.721019494219216,0.0,0
0.8742340838810354,-3.262439015307066,0.0,0
0.8466106151174166,-0.6029446297233864,1.0,0
-0.4343262956478342,-0.5124653959908778,0.0,0
-0.3207379116676017,1.7153238202449042,1.0,1
0.20042573626258786,-0.22118100561641457,0.0,0
0.92639459052076,-0.8648639571568894,0.0,0
-0.7043973318692192,2.154074945895073,1.0,1
-0.4861667126266618,-0.44965312254030293,0.0,1
0.7471136545815429,-1.1524836324538064,0.0,0
-0.016215536583310985,1.1492178345851456,1.0,1
0.7979221844540634,-0.9796564376945337,0.0,0
-0.6289642049536475,1.317604283383026,0.0,1
0.0653371749427214,-1.1938342235663888,0.0,0
-0.34746073470125527,-0.44591836594075884,1.0,1
-0.3669148802150479,0.3043539511765327,1.0,1
-0.10624607210760173,-0.7482526405286117,1.0,1
-0.13384510179746312,-0.02690293871477936,0.0,0
-0.28530624064409116,1.63094393848012,0.0,1
0.8299415406312372,0.8212035826400953,0.0,1
0.46348837086578554,0.961939700069247,0.0,1
0.45509398266305934,-1.2708608772385344,0.0,0
-0.42017310081608916,1.705659536548736,1.0,1
0.15541884863368072,1.3391246810181652,0.0,0
0.5583588666036681,2.0088383845232496,0.0,1
0.5911807370864262,-1.4527316643722044,1.0,0
-0.3109390784913755,-0.3449171933629141,0.0,0
0.5417455131372957,1.2670678049208008,1.0,1
0.47178779361546597,-1.2176302348342627,1.0,0
-0.7169870287561995,-0.45224493952791245,1.0,1
0.7318909371329545,3.851611474919054,1.0,1
-0.11735705963917842,3.9035220245356275,1.0,1
-0.02717910222266906,2.4798810996547203,0.0,1
-0.10326164220400535,1.8771702724995365,1.0,1
0.13569200295501505,-2.038502299010259,1.0,0
0.2423384947341094,1.0251244628522447,0.0,1
-0.003640868474113157,-0.7182331901317704,0.0,0
0.7335770865181912,-2.1171437952107355,1.0,0
0.2554695123905688,-1.01801167718264,0.0,0
-0.1971441013889601,0.23133014809269314,0.0,0
-0.16661648618257807,-1.0947111485973329,0.0,0
0.6216772302579028,-1.1015988514136803,1.0,0
-0.3036161145069598,1.5840829968459484,0.0,1
-0.5770904084351729,0.28821297024646364,1.0,1
-0.8812336239884215,0.46691615932463604,0.0,0
0.7520536958411483,0.2237447937925967,0.0,0
0.8370929023806999,-1.3514062867433019,1.0,0
-0.759759635673048,-2.7411438359213767,1.0,0
-0.3310525170077703,0.6211294208409569,0.0,1
-0.6492558609695123,-1.0140732642508876,1.0,0
-0.7682030623482405,-4.021564537171756,0.0,0
0.7997334860000604,-0.7851345159303049,1.0,0
-0.8862454817092891,-2.184435882681247,1.0,1
0.9609713269380136,1.3973004686155106,0.0,1
-0.8070982786052316,1.04325045448068,0.0,1
0.7269412983871715,0.9937862896769392,0.0,1
0.1330122139783254,-1.330083236317382,0.0,0
-0.26416502436425326,1.463103163724308,1.0,1
-0.31531524674968425,0.639299566268146,1.0,1
0.5147282864754175,-0.819709076879639,0.0,0
-0.3708534099914256,-0.9066748642770338,0.0,0
0.3146378332342836,1.7854163057474004,0.0,1
0.03465216703216023,-0.9472081139273162,0.0,0
-0.030068709683858996,0.6073129470525566,0.0,0
0.8023243412983232,2.067913973625567,1.0,1
0.10929011724051918,3.8186852511142173,1.0,1
0.6537232060973899,3.3277462488754592,0.0,1
0.4511470682029788,1.8016455284180597,1.0,1
-0.9228855078820033,-3.0118227031427742,1.0,0
0.5462201050108384,-1.3780968588359426,1.0,0
-0.5662594998179187,-1.0961743749450712,1.0,1
0.806299293703143,3.3062996651306418,0.0,1
-0.914151618782336,-1.3986358819441818,1.0,0
-0.33385593105136246,0.7723327541967383,0.0,1
-0.800534105530492,0.20173412651462358,0.0,1
-0.0488217658303125,-1.870254418875088,0.0,0
0.6400448717395035,0.7636480192387677,1.0,1
-0.4036252806738718,0.796592172394985,1.0,0
-0.6981302053779168,-2.511549763483003,0.0,0
-0.3394659286062016,2.4457548941068197,0.0,1
0.6277602838412719,-4.173020057710375,0.0,0
-0.7192320844013063,-1.181514305819924,1.0,0
-0.5452751018449964,1.943940587731151,1.0,1
-0.8622960710132521,-2.3865156669480783,1.0,0
0.41142008797921537,0.70053183912406,0.0,1
-0.20953351292732636,-2.59272077655086,0.0,0
-0.37832004571336797,-0.18604828888844657,0.0,1
0.4372527806823039,-4.627546226344401,0.0,0
-0.32804491531948954,-1.6851434034260162,0.0,0
0.45554254642883607,-3.0858428943085805,1.0,0
0.630398790628627,-0.8035274842530012,1.0,0
-0.5646743130845231,-0.8304627916433142,1.0,0
0.9476373936919666,-1.3473283426182794,0.0,0
-0.6752841041746664,1.595826393133491,1.0,1
-0.4183181866865149,-1.7737592077428754,0.0,0
-0.6404094183329168,1.2687733463781024,0.0,1
-0.3089886872873311,3.258551539917723,1.0,1
-0.039878224358488756,0.2781283006093651,1.0,1
0.044351738004238195,-1.7153404091507993,1.0,0
0.707212084592544,-2.4986770297230847,0.0,0
0.7788958176317331,-1.4195702002389985,1.0,0
-0.5597922784381872,1.409285441499782,0.0,1
0.2457880643715049,0.311181469937795,1.0,0
-0.7770078854025688,1.8735904325079777,1.0,1
-0.08206027963586338,1.540661758654424,1.0,1
-0.35533292390676374,0.2816213037564718,0.0,0
-0.3669985090927872,0.9469765233329244,1.0,1
-0.03483151657579797,3.7104924188409583,1.0,1
0.4596552710585351,2.8313124523493602,1.0,1
-0.861634682415221,-0.6054920338085065,0.0,0
0.7583466753748089,1.9793588838717806,1.0,1
0.46962754926112216,1.1717016116358712,0.0,0
-0.6470012222218797,2.272776155079479,0.0,1
0.8783218181747408,1.3432331440718195,1.0,1
0.012624448046777204,-1.9483348700859802,0.0,0
0.9996171562339307,-3.239369130745401,0.0,0
-0.6054810513985247,1.1452540344101714,1.0,1
0.06981639676640272,3.8052363967396623,0.0,1
-0.41950391488014316,-1.5513282158799413,0.0,0
-0.3916528852215069,-0.3761794760993004,0.0,0
0.18213076166798037,-2.0714954523904257,1.0,0
0.8434381337416665,2.35565900941132,0.0,1
0.61052771115835,-4.610333710087041,1.0,0
0.44788279700265177,-4.527320602071617,1.0,0
0.11834756420340442,0.7500398396403065,0.0,1
0.8445970073348954,-0.16468729358270423,0.0,0
-0.015277186618231742,-0.959246030147613,0.0,0
0.7476643566694363,-0.6021895730468274,0.0,0
0.6679632877532635,1.0739758289127233,0.0,1
-0.5723293063968269,-0.8276079780993302,0.0,0
0.5424509259318204,-2.193849943466227,1.0,0
-0.9756576861134825,-1.8547258561459325,1.0,0
-0.35434092490382496,1.7766777239936853,1.0,1
-0.5408651106161004,-1.0494839099244406,1.0,0
0.013725916974626884,-2.7705551675343965,0.0,0
0.47370632336157104,0.20435665388794147,0.0,1
-0.8046472651045518,1.0099894435600223,1.0,1
0.029844403873536818,2.657921495106447,1.0,1
0.8768240433887713,0.43580677424333797,1.0,0
-0.542706898034109,-1.3194224944193402,1.0,0
0.35428228822284824,0.9480157345540594,1.0,1
0.18576054156231514,1.454349740040873,0.0,1
-0.9798726086878133,-0.07781061332761352,1.0,0
-0.04834760828555451,-0.08919878545114686,1.0,1
0.4175407818820973,0.5202658098775353,0.0,1
-0.9120491359518188,-0.1397129965123685,0.0,1
0.7590429660474602,0.5002278137662511,0.0,1
0.04016283327134618,-2.0438266488538566,1.0,0
-0.9386779033485642,-2.300875539637019,1.0,0
-0.5511727761583196,-1.672222759001538,0.0,0
0.907351392854626,1.2844218866588517,1.0,1
0.16463946610411062,0.5175951346812174,1.0,1
-0.7850548644623909,2.0804779284991173,1.0,1
-0.424910995438877,-0.3733818442292199,0.0,0
-0.08659274827903163,-2.2872827916836993,1.0,0
-0.9580998614645391,2.289107070569116,1.0,1
-0.17676897277248238,-0.03753411107978585,0.0,1
-0.021082729130603717,2.5669100725330507,0.0,1
-0.5126442494375356,1.1958929827843612,1.0,1
0.17727800058397314,4.377237357645674,1.0,1
0.5064802391843537,-0.4395459714267247,0.0,0
-0.528331551788729,1.8014478101783613,1.0,1
0.24099980055997539,1.782728212705888,1.0,1
0.2792444859274832,-1.1102526909889,0.0,0
0.897080602257682,-0.3449646342139218,1.0,1
0.5565523345928876,-2.923476684433446,0.0,0
0.696690539580012,-3.0975922740053314,0.0,0
-0.019160183127449715,0.2531376030615499,0.0,0
-0.6293028260412343,1.5860141413948547,1.0,1
0.99163058591927,1.2760480669909098,0.0,1
-0.7412884779226008,0.6800491965193053,0.0,0
-0.05708536129146924,1.7260343063021828,1.0,1
-0.8638138015157868,-1.1793955913986496,0.0,0
0.887701714701639,-0.545065496975519,1.0,1
0.9298498816968792,1.4750430268277634,0.0,1
0.43877812400794713,0.8662374588978666,1.0,1
-0.30001431273966217,-0.42037762759352465,1.0,0
-0.49123519776475133,2.641588772255829,1.0,1
-0.4693933509259052,-2.584002502094255,0.0,0
-0.7454119491598505,-1.037357374577185,0.0,0
0.05161790615344586,-0.5667955489125048,1.0,0
-0.716365448597045,1.6330697595475407,1.0,1
-0.36653866689308745,0.004770395830470325,1.0,1
0.2534129519182098,-2.52298349358123,0.0,0
0.45508721918149964,1.028008359632127,1.0,0
-0.9514545907558776,2.175092630933789,0.0,1
-0.13976803124652015,1.4786090662660525,1.0,1
0.30424918968427805,1.2383098432109778,1.0,1
0.7064919523170257,-3.7486269934821363,1.0,0
-0.04935043557583518,-1.7997729534869686,1.0,0
0.9384117434353705,0.9641612173444022,1.0,1
-0.46873490491710545,-0.10977636950877698,1.0,0
-0.9729825867465622,1.045115203997624,0.0,1
-0.03249427059652765,-2.5326853539259084,1.0,0
-0.48777240995996407,-0.12298952856977229,1.0,0
0.6474353440463387,-2.7795620377924135,1.0,0
-0.5344546556377758,-3.907357125238813,1.0,0
-0.3787415634173874,0.5915581770137744,1.0,1
0.5824548620382246,1.6851775929139607,1.0,1
0.43028650405072,0.4912328558035516,1.0,1
0.11610247331452506,-0.06599296052933219,0.0,1
0.409896123845519,-3.1240286836585325,0.0,0
-0.162726272859947,2.0122141341950943,1.0,1
-0.9893799047706644,-0.08808979475188254,1.0,1
-0.9772897429756149,3.9191240104115357,1.0,1
0.022443575147373274,1.8846286165539334,0.0,1
-0.8334180405620015,-4.010250853304297,1.0,0
-0.8978490396614864,1.5100993605117758,1.0,1
0.9310332782749466,-2.7930704751463145,1.0,0
0.7180052793161171,-1.5189909808581281,1.0,0
-0.695945545580861,-0.501513353520299,1.0,1
-0.998671562819591,-0.18812490072520732,0.0,1
0.8833355907795128,0.7951304312349323,0.0,1
-0.44334940335977135,-2.045710081608428,1.0,0
-0.628204794289005,-2.3013840085132937,1.0,0
0.38301621566307054,1.2012104034661522,0.0,0
-0.7821925223173476,-0.02650053586805332,0.0,1
-0.4707008039943994,0.34874609740305124,1.0,1
0.950189360424093,-4.38736670338932,0.0,0
0.27892554894802046,-0.3542747666306471,0.0,0
0.04135558296510711,-1.7814583661229917,0.0,0
-0.20416277033012453,-1.8412527460337387,1.0,0
0.549001909768404,1.843869608449155,1.0,1
-0.7180850469526125,-2.1913424579450247,0.0,0
0.9346756040739643,-2.1857932126520603,1.0,0
0.7222460161315734,-0.6620212068034917,0.0,0
0.23531396513848657,0.9005776612946884,1.0,0
-0.9141876191948837,-1.7680294594961723,0.0,0
0.4017112988954754,2.468288071560123,0.0,1
0.8265686817709617,2.8996950507224377,1.0,1
0.04915413495725196,-1.7628941329369276,1.0,0
-0.29155035634547444,-0.49016351115371115,0.0,0
-0.7594453100410608,-1.5573509453152259,0.0,0
0.5098022082751366,-3.3707642097424544,0.0,0
0.7700437024236124,0.6060221009123148,1.0,1
-0.7994965118483028,1.4671897364587392,1.0,1
0.5179691095046839,4.023728526253123,1.0,1
-0.965879027481805,-1.794819007262674,0.0,0
0.9341098361544391,2.672470181625242,1.0,1
0.23011604127019236,2.6847073825159065,0.0,1
0.1048781179832663,0.39570661913430616,0.0,1
-0.4081003328221444,1.2043269791521276,1.0,1
0.8585833431395669,1.7465460966014072,0.0,1
-0.46818874532641797,3.948199896483799,0.0,1
0.6562932264333898,0.9556171252329388,1.0,1
0.970217358674264,-0.12027577100737043,0.0,0
0.5667932910296116,-1.7323375980149445,1.0,0
0.03797984077286354,0.6106415100249961,1.0,1
-0.8678514722966562,2.04832986554614,0.0,1
-0.055172421657853965,0.4892207226589439,1.0,1
-0.12348810605659288,-1.559846497850006,0.0,0
-0.5944079176260095,0.17815240499312668,1.0,1
-0.15282472657139112,-0.25830696492022776,0.0,1
-0.2844842318393226,0.5294775155114145,1.0,1
-0.6726314776967031,-3.3236967344365,1.0,0
-0.11725171333502771,1.1015772282054628,0.0,1
-0.4744000873510219,1.190846313527446,0.0,1
0.044124841364528766,0.8897068763730172,0.0,1
-0.9296798805676116,-0.0075256342900480505,0.0,0
0.8124628395745683,-3.6118725252068433,1.0,0
0.6327286110397121,-0.03864558394252682,1.0,1
0.10516266502100913,2.1214299986843392,1.0,1
0.7036171655144863,-1.7202577525849228,0.0,0
0.9247901476216009,-3.9785389323225675,1.0,0
-0.7789554118946789,-3.0811159437413873,1.0,0
0.2616636168196076,0.6280513836412063,1.0,1
0.9959880018713172,0.7457520177048751,1.0,1
0.9757783386670522,1.772586389242936,1.0,1
0.2066459845814892,-0.11051799145930497,1.0,0
-0.7439582590983667,-3.000656751957141,0.0,0
0.16638566198105642,-1.6370082811873514,1.0,0
-0.9958707288511566,1.6376787451986956,1.0,1
-0.6021773306662808,0.2809918148789518,0.0,1
0.9122463191199199,1.2996592693599573,0.0,1
-0.33911885479431225,0.8695776109220794,1.0,1
0.2767802115538971,-0.40992110346059185,1.0,0
-0.4382810107355146,-0.3480136750160674,0.0,0
0.8956437742231791,3.7142045395117194,1.0,1
0.45711745989897357,0.8293485332184418,0.0,1
-0.3406976848371748,-0.2571751006327212,0.0,0
0.5835228423607417,0.910839981873619,1.0,1
-0.7836689510473247,0.44581163924854667,1.0,0
-0.21536211986908116,-4.314712746988922,0.0,0
-0.5575637445368153,1.3001690287446288,0.0,1
0.3674528945520925,3.641878548179351,1.0,1
-0.7951074364561392,-1.560559736780128,1.0,0
-0.20594833543465185,2.908071497678334,0.0,1
-0.4467005395816208,-0.5137393946638339,1.0,1
0.012685838647608305,0.5869427952996445,0.0,1
-0.30020463899224215,2.140720033946348,0.0,1
0.41282115533402197,-1.4400028625816184,1.0,0
-0.9508459513860679,2.4849878256369426,1.0,1
0.267973842611815,-2.4284345627186785,1.0,0
-0.53885742061236,-1.7503094978278328,1.0,0
-0.46258194248630136,-1.1870406346950517,0.0,0
0.6005112071670471,1.3240107329038044,0.0,1
0.9111367879608416,-0.6817488211389415,0.0,0
-0.3668995799458268,-3.039948919171736,0.0,0
0.6536105407381514,-0.43306574369965684,0.0,0
-0.7920183240575338,-1.5684427650687678,1.0,0
0.26796330601476637,1.462587241680737,1.0,1
0.5020645990698376,-0.6864701089102065,1.0,0
-0.6880441439310869,0.14154815180130273,0.0,0
-0.1479952246608789,-0.8109449142813426,0.0,0
0.7854143284979631,0.8678779364605779,1.0,1
-0.7928430731032556,-0.3671815269411084,1.0,0
-0.9638072835970497,0.6503974293741306,0.0,1
0.18117075809586747,-5.186777129483421,0.0,0
-0.12893691893813308,0.1945017539555723,0.0,1
0.5973784977678054,0.8278273402204662,0.0,0
0.8469110764082133,-0.39856010982918405,0.0,0
-0.4016927109123678,1.3387849427850829,0.0,1
-0.22319176566178944,1.4772140579856414,1.0,1
-0.02745582734137031,2.608427783699006,1.0,1
0.17630292087059862,0.2096232161445633,1.0,1
0.9677076593632334,-3.8276014093399624,0.0,0
0.394660501660103,-4.57099889757929,1.0,0
-0.22090298530886243,-3.203681904149035,1.0,0
-0.4724646270990758,-0.0758141223682724,1.0,1
0.8892514368442481,-0.31461057656113134,0.0,0
-0.7289031337829872,0.5524797040399475,1.0,1
0.4405317050095161,-1.2504918451143476,0.0,0
0.8507900505848813,-1.4729823430114966,0.0,0
0.32933117306887727,1.1100958848208682,1.0,1
-0.1538911196677577,1.3118488227450038,1.0,1
-0.602018120149032,-0.5133002709609616,1.0,0
-0.2650493554961455,-0.0769533164779066,0.0,0
0.41374361884024413,0.8086286866579823,0.0,1
0.29906844835059365,1.008687150325989,0.0,1
0.8559523331967158,-2.2879613991974805,0.0,0
0.7337218273187498,-1.4391477118359015,1.0,0
0.6323015045327367,-2.4610920912907734,0.0,0
0.8229017507015246,-1.0138132296736613,0.0,0
-0.4473256945259012,1.6246671786836622,0.0,1
-0.260952919720701,1.092543733887531,1.0,1
-0.2402121924279652,-2.1961959207251174,0.0,0
0.12090117741956052,1.0245334536519637,1.0,1
0.336436459085542,0.17168621068490397,0.0,1
-0.42656663391921135,-0.9878534141718414,0.0,0
-0.9610750653813993,-2.8129193102072625,0.0,0
-0.2015552326841814,-0.3496467432355339,0.0,0
-0.382944080891199,1.359888012231911,0.0,1
0.8843694380360958,-4.3261952967922515,1.0,0
0.7765300810880871,-0.792246395502899,0.0,0
0.7206213566868391,4.508567397609925,0.0,1
0.30599952189048607,1.3452734371361876,1.0,1
-0.3114216706021222,0.519664990006952,1.0,1
0.09769853479860946,-1.4743703391418281,1.0,0
0.6304500814327454,-1.3566596757479394,0.0,0
-0.8027792625543779,-0.16657679139992673,1.0,0
0.6021497605106094,3.205727258754272,0.0,1
-0.9176404173437567,0.931178381789861,0.0,1
0.6328420624287114,-1.7443167955416452,1.0,0
0.615127608319747,2.3535739247677276,1.0,1
-0.8979853823424884,-0.5851884143161814,1.0,1
0.2543214229237165,3.3946929620278983,0.0,1
0.004906148625794415,-1.1332060492754081,0.0,0
-0.6603609936565706,-2.006531513807778,0.0,0
-0.7032421246452487,0.34925915562714,0.0,0
0.5465182521340464,1.964653967600596,0.0,1
0.13538549767368813,2.0748895934618203,0.0,1
0.9659982698330649,0.31838353333762304,0.0,0
0.9644955545766882,-1.9761933759372223,1.0,0
0.9853339869285327,-1.0106814437957699,0.0,0
-0.7627689632684682,-4.036563736708433,0.0,0
0.8765122739279245,-1.8262430751376404,1.0,0
-0.5108607819588744,-0.35691362979452623,0.0,0
-0.08357548048277597,0.7780042813069583,0.0,1
0.5148131116434518,-0.6789086429295582,1.0,0
-0.592758135845536,-0.11395810995547934,0.0,0
0.13262321110865982,-0.7923708894996339,1.0,0
-0.6283665035480086,1.5020506083795404,0.0,1
-0.7905277866374134,-1.7982258768530777,0.0,0
-0.7668827751408029,1.675095828292653,0.0,1
-0.2847219303035624,3.921761625027821,0.0,1
-0.990690326325633,0.9455793120438623,0.0,1
-0.15029215759662096,-1.0541832204480837,1.0,0
0.3283942101622981,-1.0725402881735702,0.0,0
-0.19662362999202254,2.4196744443681952,1.0,1
-0.8284107989603298,-2.253178851743995,0.0,0
-0.8746222759527189,-1.907608840545128,1.0,0
-0.4437669744702766,-2.328896907740929,1.0,0
-0.6613746189127985,-2.5570276810413723,0.0,0
0.9301899464359389,-2.089632638759714,0.0,0
-0.69753955005183,1.5798098835709862,0.0,1
0.6109248748099931,2.2045651291760486,0.0,1
0.17221588348228956,-1.3941461447203662,0.0,0
0.13857383996858874,0.4146680920913797,1.0,1
0.024161431847569137,1.5183133502164683,1.0,1
0.9435261522279021,0.20112840619432593,0.0,1
-0.27231044981672436,-1.9098855152344778,0.0,0
0.5758315019077525,-2.9408034702761627,1.0,0
0.11058821493391924,2.0208551062510174,0.0,1
-0.20873266474854768,0.992358824576761,1.0,1
0.9109318666115618,1.1539117867973077,0.0,1
0.19663193872937423,-2.2152938018020603,1.0,0
-0.7621661157079729,0.46995438577810383,0.0,1
-0.1649215980062868,1.2579991749136432,1.0,1
0.5631634553632152,0.6280676872942911,0.0,1
0.38749404647842756,-1.490046433615378,1.0,0
0.8326806596731484,2.0245210201306714,0.0,1
-0.48124523171695954,-3.055263896357548,0.0,0
0.5163874327076476,1.857483849613883,1.0,1
-0.08024958521095815,2.1621118881741466,1.0,1
0.14721949393363087,3.1446606350704496,0.0,1
0.910093362012566,-0.6849843805008858,0.0,0
0.9585726399783547,-1.998860033123041,0.0,0
0.7231819278511271,1.5877607246167602,1.0,1
-0.2818058245394075,-1.3984305581739487,1.0,0
0.7754016714546397,0.08799102288797757,1.0,1
0.277218355282826,-0.6349244343201439,1.0,1
-0.1400064390585738,-1.8041439428261696,0.0,0
-0.9285146349990325,0.6419989323697832,1.0,1
0.5402562483831643,-2.7840318331160714,1.0,0
0.004211161448226086,1.1844113632880788,0.0,1
0.5723769989301215,-1.9338621769134692,0.0,0
0.49604559868653975,-3.4634626929358525,1.0,0
0.5871347360967039,-0.10021491758058568,1.0,1
-0.3986976826064663,0.8632677056224465,0.0,1
0.6015971981352619,1.1538691941064487,0.0,1
0.09769265693233464,1.6367074616543227,1.0,1
-0.053347599101713605,-4.707280799380827,1.0,0
0.35025182764151386,-2.010288861913343,1.0,0
-0.9572826341233034,0.21330458900606425,0.0,1
-0.7953663682248115,3.038006559872291,1.0,1
-0.41564526966495596,1.5674889873494555,1.0,1
0.9659802199156793,3.802680103696225,1.0,1
-0.72050844227009,-1.049878845827998,1.0,1
-0.33880739848157937,0.5488339905640173,0.0,1
-0.8978938706161528,-2.199941615138614,1.0,0
-0.33746223941454745,-0.8087044392479995,0.0,0
-0.35934742697833677,-1.4705914365659472,1.0,0
0.8936143418890443,-1.2679773186334427,0.0,0
0.6903081739914407,-0.7868982423713266,1.0,1
-0.23447156151445703,0.0054350797813617815,1.0,1
-0.9504618839215027,0.044425329032968176,1.0,1
0.6620622279907564,1.0869068791654508,0.0,1
0.3210723542890803,0.2799769347737187,0.0,1
-0.6952710326973806,-0.6880912576992507,1.0,0
0.9921425420203744,-1.0451570830638932,1.0,0
-0.7995331251517539,-0.6142634403173681,1.0,0
0.7342290831873257,-0.8980742828939311,1.0,0
-0.41146767174062204,0.9819421103639593,1.0,1
-0.12929306734968593,1.7310503813425249,1.0,1
0.5909130535526292,2.548089075894169,0.0,1
0.35501671198802054,-1.5954055198808346,1.0,0
0.8757287488880783,0.9387444506775001,0.0,1
0.24228065092076645,-2.7893592831853513,1.0,0
-0.8043796770418945,0.7463494365051563,1.0,1
0.7687207264839007,2.165344564182129,0.0,1
0.5383110499771822,-0.29917900333398995,1.0,0
0.42374090178664403,2.1452720945177464,1.0,1
-0.8925329052925293,-2.2771357406309534,0.0,0
-0.20755451067651198,-1.7772905661832734,0.0,0
-0.6651283610809215,-0.27161968528737307,0.0,0
0.643807816815738,2.0444207091716486,0.0,1
0.40105724563572553,-0.8348589126839764,0.0,0
0.7661551946382705,-0.9071062018175492,1.0,0
0.9331502138483279,-1.9832567167560413,1.0,0
0.5494952283849972,0.4057620888852432,1.0,1
0.9884661664415242,2.493390281788871,0.0,1
0.22953977228859768,1.4013602181873848,1.0,1
-0.9257407922171044,1.3933013086725294,0.0,1
-0.9714969696994082,-0.41394894984732805,1.0,1
-0.3157922495924226,-1.126618718527829,1.0,0
0.6469434381350743,1.3544918328327404,1.0,1
0.732269412649462,-0.06382215126828174,0.0,0
0.9216250576453557,-0.3472164714387635,1.0,0
-0.8697570629023632,1.7964812448072311,0.0,1
-0.9108577780246718,-0.3955749033454598,0.0,0
0.8265671927340674,-1.6755525187704114,0.0,0
-0.38990660327427684,1.8183769906619323,1.0,1
0.1159748012192654,0.16143978086773336,1.0,0
0.9648897660014197,-2.074058687697384,1.0,0
-0.1991029305281533,-2.2258117897432323,0.0,0
0.33174279661967976,0.19082375165373364,0.0,0
-0.19824087273602942,4.674819322956552,1.0,1
0.5363893289255595,-0.7856412070924169,0.0,0
0.05542945114573161,-0.672547718171157,0.0,1
-0.5249537240273006,3.0475423952341067,0.0,1
-0.45738779748306757,-0.11456239958103077,1.0,0
-0.4838815749231855,-2.8969337264959765,0.0,0
0.06464065651712159,-3.1455929050963465,0.0,0
0.4063780320313286,2.4533279475749605,0.0,1
0.8985598000862842,1.3327090845003777,1.0,1
0.3881747501659598,1.6522514168623859,1.0,1
0.5623856879247813,-0.1155131167574255,0.0,0
-0.6621477682708687,-1.4534240519655952,1.0,0
-0.25187474998534864,-0.43432623144833393,0.0,0
-0.17243956028346785,0.2720624347487535,1.0,0
0.372760460000946,-1.6766223113974021,0.0,0
-0.4082160472462528,1.1228998191022534,0.0,1
-0.3934161571606678,-2.519192337599443,1.0,0
-0.28822169071826376,-0.6655175291504475,0.0,0
0.6206041630864645,-0.4080157449530058,0.0,0
0.15518018008669743,-1.382039626350737,0.0,0
-0.8494454403345311,-4.411010710039644,0.0,0
-0.8435078006190624,0.8957393282225051,0.0,1
-0.2574261114350014,-1.5115015208805342,0.0,0
0.5331821012123166,2.651415918648743,1.0,1
0.37736685295736105,-0.6839645553681045,0.0,0
0.4159647093023733,-1.0827191768624411,1.0,0
0.5344201321081938,0.18304389355775416,1.0,1
-0.42569457422734125,2.106879497260896,0.0,1
0.09651256388417595,-1.1268153262363394,0.0,0
0.0867052806335391,2.0294753896595537,0.0,1
0.47926500235989855,2.8806072820352453,0.0,1
0.9137411382112928,1.980645621311891,0.0,1
-0.4440201104090682,3.2528629819845145,0.0,1
0.5865633455140964,2.5852920420249377,1.0,1
0.31994109704652485,3.0297645877860115,0.0,1
0.16047574172692025,3.2086526388312824,0.0,1
0.5497595586948039,0.4161390592599276,0.0,0
0.8880649328561987,-0.8584477991443966,1.0,0
-0.926617164261174,-4.524487270487612,1.0,0
-0.7051997949735587,-2.6454662390435915,1.0,0
0.5125744630022315,-0.8965655983175912,0.0,0
-0.8324172941798309,-0.763470174481132,0.0,0
0.03224740148218608,-0.3055889268041732,1.0,0
-0.5602784467167861,-2.0015209804975003,0.0,0
-0.45140859231449704,-3.191555222882628,1.0,0
0.4036809658888325,-0.26044633293345243,0.0,1
-0.9396144534625768,-0.3788358576235812,0.0,0
0.7466388558038073,-1.615108083099732,1.0,0
-0.11104208929546,-1.4843043233007691,0.0,0
0.004786587814202159,-1.8803131837448135,1.0,0
0.0800959273873838,-0.7930474780326355,1.0,0
0.29108858915898783,-1.7126056539905026,1.0,0
-0.3102868267545038,2.519750663034031,1.0,1
-0.7977850188730173,0.48199346409024213,1.0,0
-0.3632421266676469,-1.9446358360530345,0.0,0
-0.6637157639543594,-0.5608955629349083,0.0,0
0.11226635890094783,-2.3605712127023812,1.0,0
-0.36394273807922706,2.024336590349576,0.0,1
0.9161343559868698,2.7683734491616403,1.0,1
0.9314685559605613,2.5040039655060626,1.0,1
0.24025176113648294,-2.289385262485195,1.0,0
0.23499453533457193,-0.18253403945235183,0.0,0
0.9707571291342119,-0.8031413510258318,1.0,0
0.774566302470372,1.1240262118283633,0.0,1
0.53013989831628,-2.015819606567796,1.0,0
-0.3728187765145976,-1.3517833880020331,0.0,0
-0.26892194376384726,-0.8264340567036161,1.0,0
-0.5974664684782691,0.3065769382648478,0.0,1
-0.02570374616525073,1.3882574162757728,1.0,1
0.9807370442791592,-0.6574553854732156,0.0,0
0.8243019060231775,1.3279301510524437,0.0,1
-0.7633011319610619,1.6441527135942755,1.0,1
-0.9496194214189877,-0.42643047374364207,0.0,1
0.7972753368165324,-2.491316265731194,1.0,0
0.07434025589741489,-2.342380670868281,0.0,0
-0.5996202235830876,1.1834539503031365,1.0,1
0.3473065391692707,-0.9524488726293389,0.0,0
0.28844635585963996,-3.4252586453649103,0.0,0
-0.7558287863270656,1.2259047363660012,1.0,1
-0.48079953300476097,0.25910904109243793,0.0,1
-0.8798440713734841,-2.8119341622852567,0.0,0
-0.5802790522597161,2.3588399624052916,0.0,1
-0.7353886502938742,1.673271974315499,0.0,1
-0.6135274150508878,0.2774905025803586,1.0,1
0.37093429182623394,-2.548638735468834,1.0,0
-0.9010005114778645,-2.804661065770566,1.0,0
-0.796290769503567,-0.614136973682873,0.0,0
-0.7316527238434247,-3.427830779100579,1.0,0
-0.36691775808373195,0.8101605463689708,1.0,1
-0.40249937829611815,-2.821646626760673,1.0,0
-0.48987242936672115,0.3298254585093972,1.0,0
0.5010733068648325,-0.5762629054534528,0.0,0
0.9960455755162012,1.4235705361940882,1.0,1
0.06795584725759163,-1.8758951905229764,0.0,0
0.8884054358278841,0.547458899049448,1.0,0
-0.20677977574787065,-2.789680385669287,0.0,0
-0.7866351063945731,1.591099103538814,0.0,1
-0.18245234106032537,-0.22992353255498937,1.0,0
-0.40774445317061336,0.9917013379308608,0.0,1
-0.01318607542164374,-2.6410506936560645,0.0,0
0.31408735383284636,0.9981685513435331,0.0,1
-0.07789956169518364,0.612406792607417,1.0,1
0.8703210241556512,0.7273957854267262,1.0,1
0.7695296445987598,0.625267926027972,0.0,1
0.40395519033239435,-0.38692776558069547,1.0,0
-0.02063017527090172,2.482598440631982,0.0,1
-0.7366254363710862,-0.31179597153140715,1.0,1
-0.20597266644473322,-1.4783384007816573,0.0,0
0.40880307880234734,-0.11745238673787718,1.0,1
-0.43022895889253765,-1.9010358908890606,1.0,0
-0.7920238449131591,-0.927992846661688,1.0,0
0.8157969150212563,-0.35449323237879776,0.0,1
0.41810161963108916,-0.7591082412917198,0.0,0
0.23055285327019437,0.3987941456109715,1.0,1
0.5849978112178331,3.8915227826126535,1.0,1
0.6712920751669513,1.141899679692241,0.0,0
-0.03308200365795333,2.1446012945761828,1.0,1
0.76237650281888,-1.0074188747364732,1.0,0
0.8328380214022109,-1.174032577010297,1.0,0
-0.4568978091504372,-0.7563560937859795,0.0,0
0.21509071958158854,1.7057781945377546,0.0,1
0.05316805764093835,-4.2962369564617955,1.0,0
0.0758915583038049,-2.0663295505827346,0.0,0
0.8753261879291241,0.20467169366843976,0.0,0
-0.389622594613942,-0.4481847341258574,0.0,1
0.9668679564691525,3.9354593642860918,0.0,1
0.8042624296084642,0.8953664314853127,0.0,1
-0.08255422277299473,-1.3243828870609615,0.0,0
0.6349065272363323,-3.1552141370786946,1.0,0
0.5380939886402811,-0.6811200698757246,0.0,0
0.3557899392370425,-2.606440165356829,0.0,0
-0.36033222123369146,0.9335013008368703,1.0,1
-0.6070980163580921,0.3222126444833569,1.0,1
0.3430553935315164,0.6400638641854626,0.0,1
0.6859465928021684,4.158353329590074,0.0,1
-0.9674944226452606,-1.8149319628405953,0.0,0
0.2856067506170241,-0.3848084155918135,0.0,1
-0.1142539507555751,-2.425031488977818,1.0,0
0.7961755102539672,-0.1611970323002509,0.0,0
-0.3570541382915895,3.1865472319000534,1.0,1
-0.05163037547275651,1.1374447982409437,1.0,1
0.02953420807037266,-0.22897409117840165,1.0,1
-0.719120957257894,0.5032604976397811,1.0,1
0.4257846053978127,-2.42171127588718,0.0,0
0.6609526902419192,-0.7874674233887786,1.0,0
-0.8841814462074795,0.17050514914077386,0.0,0
-0.4172223589261945,0.19884397341708365,0.0,0
-0.9239106369298842,-3.0612324887972338,0.0,0
0.9130882093764847,0.6552463584695628,1.0,1
0.3343376414076471,0.5583929850284205,1.0,1
0.928400838909563,-0.754102412545557,0.0,0
0.0629885566626156,0.008349998165000615,0.0,0
0.6041370477912278,-2.9669831067360026,1.0,0
-0.25117203224052,-2.9595912306486967,1.0,0
-0.2923619348547182,0.2693745246764752,0.0,1
-0.24346436578973463,-1.335446381832328,0.0,0
0.3157242674528564,-0.023111040448602727,0.0,0
-0.2810936979566956,1.6789813446352093,1.0,1
0.8007349032084512,-0.34785986061031166,1.0,1
0.9665497301003105,-5.621336109658394,0.0,0
-0.9391469693259882,-0.3013072760417867,0.0,1
-0.612753419195007,-0.9620880439880705,1.0,0
-0.775500014825228,-0.46938870864584015,1.0,0
-0.9152719058171135,1.7994616251431061,1.0,1
-0.544518013305427,-3.157060371882228,1.0,0
-0.1064133592618377,0.4879132478159689,1.0,1
0.6739807305773675,3.140607823822464,1.0,1
-0.5563519389800078,-1.251886229936915,0.0,0
-0.012109488675597468,0.9446557723714745,0.0,1
0.8592374788935089,1.9326115579416043,0.0,1
0.3344294135733499,0.4204628782041884,1.0,1
0.596158039511995,-1.3701939606628537,0.0,0
0.10198794037097247,-1.4190420214160007,0.0,0
0.96093291768126,1.4876003075319646,1.0,1
0.1773243093629484,1.1842981815634679,1.0,1
-0.9089785720748169,-1.5729368301424511,0.0,0
-0.6040344001204103,-2.352946308722166,0.0,0
-0.19045274208570406,-2.5616134282979925,0.0,0
0.20255434514755266,3.3233037223695416,1.0,1
0.5438617348179198,-0.1358902407809973,0.0,0
-0.17382774819222746,4.720457171306829,0.0,1
0.42011661003137735,1.1110912061410858,0.0,1
0.5797390062182499,0.879044645667597,0.0,1
-0.36547960550003444,0.6125449766103673,1.0,1
0.9585404800716371,1.9982997003947307,1.0,1
0.29931299047167115,-1.932126370088139,0.0,0
0.7619961215722624,4.3200262167414705,0.0,1
0.11187537761721345,-0.20060340522366377,0.0,0
0.4832062143046474,-1.4068001843856222,0.0,0
0.5410881232327307,0.6051220045768402,1.0,0
0.816496758469158,2.184677752061596,1.0,1
-0.6993004862572594,-2.0151097515659515,0.0,0
0.11656684833849695,1.1337387448821425,1.0,1
-0.14324297378828743,-1.4328883151729548,1.0,0
0.8463180423474805,-1.0125470663489773,1.0,0
-0.7898106115020016,-0.9789648375100615,0.0,0
0.9651477773618256,1.527082932971841,1.0,1
0.7509026481865926,-2.218145463588755,1.0,0
-0.8523474368715029,0.3852322200692252,0.0,1
-0.018067228919051104,-0.6868357281651842,1.0,0
0.4351190004250518,-1.6944203559170583,0.0,0
0.4763030913821129,-2.427047205508961,1.0,0
0.8129882504758417,-2.4057766490320054,1.0,0
0.5997308711646219,-3.2675920353055945,0.0,0
-0.37813923931182103,1.7923343874985358,1.0,1
-0.003130428275095243,-0.4833063252624413,0.0,1
0.4035715258717081,0.3173038601324859,0.0,1
-0.7231263172712972,2.356378728963195,0.0,1
-0.6120184047996053,-2.4402343138631055,1.0,0
-0.037915103780254755,-1.8830913506314295,1.0,0
-0.4035084025889746,0.5094310733875668,1.0,1
0.7251184995681899,-3.6481591041607335,0.0,0
0.1725546430412359,-1.1574170259937377,0.0,0
-0.30266960456326464,-1.8497861462009348,0.0,0
0.6976660512088202,0.6590448843390712,0.0,1
0.6097568971084777,-0.8516317327277378,0.0,0
0.996709754198539,4.016298558753917,0.0,1
0.6946153766674696,1.8757827441387886,1.0,1
-0.17108693038864065,-1.7064769685506223,1.0,0
-0.7450022364600231,-0.7746268749137005,1.0,1
0.6812818164009558,-0.6951690258308882,1.0,1
-0.880484164079212,6.613148698221123,1.0,1
-0.29945758531029165,-3.020399287956282,0.0,0
0.8394759615425476,0.40707940080922567,0.0,0
0.9215329468902014,-4.168864270723058,1.0,0
0.28112918704243683,-0.013874882411845193,0.0,0
0.3772966339674271,3.819781123818023,0.0,1
-0.915091022548955,-0.8169108633482166,0.0,0
0.028960682179095754,2.2091088429440977,1.0,1
0.0937363576126824,-0.13223045190640736,0.0,0
-0.31979850775177776,-0.8449974336508698,0.0,0
-0.8628063304922313,-0.503312717892792,0.0,0
-0.542184800551212,-1.173805290360003,1.0,0
-0.2840321262776073,-1.2521165437796469,1.0,0
-0.12971602696734075,-2.660388824648991,0.0,0
0.18185345106713835,3.0136014578988872,1.0,1
0.44478303739647274,-0.786152791586887,1.0,0
-0.3647362534521077,0.5875486215315061,1.0,1
-0.34209248016203375,-1.753063702879572,1.0,0
-0.9606167145525926,2.2339811188307,0.0,1
-0.9182502798119634,-0.5471115558156593,0.0,0
-0.4843566113829272,-0.18206533571561068,1.0,1
0.4804899953499133,-3.6579532705918907,0.0,0
0.2566276607478244,0.7919524222792237,0.0,1
0.5395780413556694,3.623011409640492,0.0,1
0.5378388724296435,-1.7381551719998236,0.0,0
0.7131349353386025,-0.9164583074049651,1.0,0
0.4406385319737671,-2.2766479164300324,1.0,0
0.9580218380016456,0.25832434848075236,1.0,1
0.7976504386036347,0.128048395813656,1.0,1
0.17343433244646844,1.410162202988938,0.0,1
0.17631534098234347,1.1029470936018393,0.0,1
-0.931465919295541,-1.6250320923712023,1.0,0
0.9970531554167086,0.44989609812874737,1.0,1
-0.7368480052677164,-0.6566022134449456,0.0,0
0.48069439326318397,-2.182065954753427,1.0,0
0.6420303902486177,-0.2537117459252267,0.0,1
-0.25389094138959356,7.6033204299342305,1.0,1
-0.6062958906693725,4.63034126801189,1.0,1
-0.8024802264188899,0.2796531955353028,0.0,1
0.49721201165915563,3.4777144160215134,0.0,1
-0.09469294158860864,-0.0907667282925447,0.0,0
0.4274355180022713,-0.10627667888296216,0.0,1
0.8308152977036012,-3.8991435752595263,0.0,0
-0.7068325276978866,-1.9202111318885728,0.0,0
0.8383420014475993,-1.5669985279729521,1.0,0
-0.17674708098312664,0.21503806333086006,0.0,1
-0.3894659802054219,0.027969069718552345,1.0,0
0.8861245212055582,-1.1578847027837342,1.0,0
0.9813033852127988,-1.1776263990676872,1.0,0
-0.6022155644651037,-0.33230627121590445,1.0,0
0.3136766939039666,-2.7628233013645653,0.0,0
-0.7870093724578793,-1.2252771207371183,1.0,0
0.3018280077150115,-0.7625797396165901,1.0,0
0.6546264555516994,-2.497897866145749,0.0,0
0.3689970930481352,-0.6604757865290886,1.0,0
-0.1653337158748085,-1.6696143270690165,1.0,0
-0.2338672808724609,2.4707647840189537,0.0,1
-0.21375516955316587,-0.48760759427824385,1.0,0
0.17942363598584632,-0.3790913365131513,1.0,1
0.7631345401449912,0.8560562140427348,0.0,0
0.8581323145375357,1.1139366336812584,1.0,1
-0.8929407595853638,-3.472483608600302,0.0,0
-0.6367552107086234,-0.7535682182150698,1.0,1
-0.775551368343423,-1.8180646525041824,0.0,0
-0.613330718466172,-0.29034048838643617,1.0,1
-0.30678437878165643,-1.0726650423978281,0.0,0
0.013063365245247649,0.31413892571561647,1.0,1
0.2589224540183044,-1.9609184911243116,0.0,0
0.4642844382794029,-1.135534483040374,0.0,0
0.7802230827716141,-1.182319337844706,1.0,0
0.9781768744595816,2.1651827409417868,0.0,1
0.32571295711423964,0.7360073185610859,0.0,1
0.6907290373355259,0.7377774151713316,0.0,1
0.5560776938493979,-0.5726365616200514,0.0,0
-0.38493592156257606,-0.7694357041871079,1.0,0
0.751384540469846,1.1220057769952747,1.0,1
-0.9144737241044023,1.5548678675875698,0.0,1
-0.9992653124970843,0.030293571257681645,1.0,1
-0.4525347412230716,2.283295890952203,0.0,1
-0.07580494074510025,2.548310055030368,0.0,1
0.27672579000135467,-3.329396078777829,0.0,0
-0.7964594669109104,0.8607577695660998,0.0,1
0.34602026766967997,-0.08520385698207324,0.0,0
0.6036317341193891,0.7765776279364853,1.0,1
-0.6293741608412664,2.231953056053485,1.0,1
-0.1697494903364123,-1.8410763261828804,1.0,0
0.039969979906619546,-3.240548204845124,0.0,0
-0.0963859638310387,2.2123829457020907,1.0,1
0.5996598617769413,-1.9969692898608251,1.0,0
0.9210447962386616,-1.372439027842071,1.0,0
0.5979063280163599,0.4092417868393006,0.0,0
-0.8440143642483509,-1.3722036423227117,0.0,0
0.6098711443182543,-3.1844212566311954,0.0,0
-0.8668073355288977,0.06837953483145097,0.0,0
-0.52805922951686,-1.5629693179237185,1.0,0
-0.6938062063285544,1.1957197557405372,1.0,1
-0.6049617863078292,-1.0121531121573095,1.0,0
0.05663025411470124,-1.3768922774415961,1.0,0
0.3433797152217073,-0.4200010782204188,1.0,0
-0.05935743532791804,2.104306953677341,1.0,1
0.9193912780584872,1.8158081632753686,0.0,1
-0.5194153599396667,-2.186452364919439,0.0,0
0.5262804605095859,5.599415298173834,1.0,1
0.740364357014297,-0.6515526491700567,0.0,0
0.12413222150943826,-2.3048314579190015,0.0,0
-0.08755499607689377,1.7764639800975568,1.0,1
0.1923688935584873,-0.7233449147087037,1.0,0
-0.14238045967931412,4.307439015679299,1.0,1
0.11038776464673883,1.6948167109630676,0.0,1
-0.16613209574239685,-0.3974396926175362,1.0,0
-0.19906057941173194,3.1506137554644087,0.0,1
0.39069293627905965,1.6982304229408896,0.0,1
-0.8142975738640641,-2.457790393869779,0.0,0
-0.6669158545423584,1.7767882191448072,1.0,1
0.7023969434300079,-1.032974883896901,0.0,0
0.542154693630376,-0.1666525704933495,0.0,0
-0.43709254541121245,0.2621088984349231,0.0,1
-0.24546213466847955,-1.7581920245325213,0.0,0
0.852053013256961,-2.666684557781403,0.0,0
0.6361544503477226,0.7355680218405933,0.0,1
0.22869259995926172,-2.7764669973397256,0.0,0
-0.5570196423940845,-5.150405253538532,1.0,0
-0.9114960573694608,-1.6722112087428596,0.0,0
-0.13748430631620367,0.6621848429767969,0.0,0
0.34525427851492374,-0.5397622671399285,0.0,0
0.6569609810357031,2.534261881240143,1.0,1
0.7053780114845387,0.3675069908633779,1.0,1
-0.9344481974132732,-1.532619303894162,0.0,0
-0.5116859323262413,-0.8791671009589876,1.0,0
-0.32181082304519393,-2.873082718538357,1.0,0
-0.6225355780812283,2.1715944494118617,0.0,1
0.6059507567276756,-2.7622001721659153,1.0,0
0.534931526169885,-1.840815264238538,1.0,0
0.03366608076194155,-0.32057244085725584,1.0,1
0.9658529559917111,0.004706528981644298,0.0,0
-0.7118829178183155,-3.0053007270195784,1.0,0
0.7993034066553377,-1.8110715904389902,0.0,0
-0.7670734916761677,0.5300812044786374,0.0,1
-0.6736365889717586,2.259446717993988,0.0,1
0.39243840050123757,0.69800712418035,1.0,0
-0.7808606159166214,-0.051619523181708364,1.0,1
0.13169019083742173,-3.124817467740262,1.0,0
-0.1595329270546928,-1.2346846931041808,1.0,0
0.4569479310820297,1.0429884826221083,0.0,1
0.8013504776177303,2.1618933397097746,1.0,1
0.5397430293381107,1.7787518163105092,0.0,1
0.6993797528423766,0.2761432888912135,0.0,0
-0.9341091029375352,2.409200933298356,1.0,1
-0.37960900351159377,5.762921426327927,0.0,1
0.03086617337266473,-1.1877238307653757,0.0,0
-0.16809337074044106,-1.5262315906900727,1.0,0
-0.5374900940406231,3.0369658515594424,0.0,1
-0.3842518040799534,0.47092905077083985,1.0,1
0.8908619407832115,0.2246153768545398,1.0,1
-0.4116382402572969,0.7847486553182511,1.0,1
-0.29219177964042853,-1.3089730103699193,1.0,0
-0.9925804524999626,-2.0695905695011776,0.0,0
0.690155254555749,-1.5542950190966214,1.0,0
-0.6903185931968467,2.4918925136620294,0.0,1
-0.5917114489725479,-2.873281329369163,1.0,0
-0.48947096581594884,0.9973092912970992,0.0,1
0.7692441136896853,-1.115374920051019,1.0,0
-0.5870971775073706,-0.706733777430689,0.0,0
0.5950527217358799,1.4859019532166664,0.0,1
0.6160986806458091,1.6879778267157908,0.0,1
0.8540411375727917,0.6859530757338721,0.0,0
-0.7688773727993721,-3.7462393247320125,0.0,0
-0.5654420553243373,3.1419294173515824,1.0,1
0.48579658416144267,2.620393034399121,0.0,1
-0.6079984914385219,0.18287366638229455,0.0,0
-0.42734090625310195,0.02051563391882325,1.0,1
-0.6665168397772747,3.60289841724031,0.0,1
-0.6546066276899014,1.8944485425874555,0.0,1
-0.0368932907435886,-0.05858880714983927,1.0,0
-0.7806338757740829,-0.5846773517022885,1.0,0
-0.35660476307275557,-0.3870742220220539,0.0,0
-0.146812180802242,2.354464108794331,1.0,1
-0.9509037669520448,2.079983569413375,0.0,1
-0.2233336670510948,-3.2268460229976066,1.0,0
-0.8117551278289661,0.9292847977321278,1.0,1
-0.012842937707646662,1.7282426627552148,0.0,1
0.6514763771141927,-3.0129263319434365,0.0,0
0.6368443243635744,-0.005929502876645329,0.0,0
-0.839102968925199,-3.554087212753038,0.0,0
0.20245551534904038,0.2589856718827737,1.0,1
0.6691727639424729,-4.166469003825896,1.0,0
-0.5240549141307294,-1.3634910474158353,0.0,0
0.5238530228991982,-1.2221318289902692,0.0,0
0.7815286929001866,-1.4176996402852122,0.0,0
0.6122483028808883,2.903056033949133,1.0,1
-0.785397936968991,1.0710211394782074,0.0,1
-0.9818800009552302,-0.7991377206468006,0.0,0
-0.6165517801563087,-1.8661556817882023,0.0,0
-0.45904531810675353,-0.4775526336904646,1.0,0
0.23236598123191898,-2.0582259365986304,1.0,0
-0.23145364951536318,1.9461600082993298,1.0,1
0.40681406132294695,3.993532003095572,1.0,1
-0.29385007895678283,2.1063997961642222,1.0,1
-0.6911491506907994,0.6633806910902978,0.0,1
-0.37462031302792975,-0.3312575665862919,1.0,1
0.76864845277827,-0.8102125789229225,1.0,0
0.9170646884901297,3.490569145375188,1.0,1
-0.584974531865263,-1.1518712150430694,0.0,0
0.5769367740488827,3.1221971137914997,1.0,1
-0.45330252692025863,-2.2630784840402973,1.0,0
0.7742630868628151,-0.5924633087964145,0.0,0
-0.6689087744074891,-3.4281131854415716,1.0,0
0.3319198373881138,0.31846840245656,1.0,1
-0.831577470573635,-2.5274552437524136,0.0,0
0.947786647947739,3.3300988135808836,1.0,1
0.40126668928108566,0.8245445433221399,1.0,0
0.6836314788101705,1.074793493753636,0.0,1
0.13333867872606908,0.56535689832954,0.0,1
-0.04639727214227962,-2.1850816287822754,1.0,0
0.24376478278873015,0.248236575467654,1.0,1
0.057483023398896105,3.6741613757354883,1.0,1
-0.06123128970969405,0.017109852012621496,0.0,0
0.5189005029152856,-2.0340324032496255,1.0,0
-0.6435980901214637,-3.7046853133900726,1.0,0
-0.657655903689683,-1.4266539807841536,0.0,0
-0.13631469870058766,-3.5244577950817564,1.0,0
-0.358504167910108,1.6610347380851946,0.0,1
-0.8517509641739518,1.562334532364491,0.0,1
0.6889409848374688,-1.7513636544411006,1.0,0
0.5432056133886995,1.227962616938852,0.0,1
0.08784299960596953,-1.1529093059139643,0.0,0
0.9586490745287379,-0.09122856554971834,0.0,0
-0.8547998669047894,0.7439111031299568,0.0,1
0.53333860205575,-0.8879200180789846,1.0,0
-0.4672592167818064,0.8364066973062335,1.0,1
-0.2628021601128492,-3.371456100935103,1.0,0
-0.5614412295938649,0.23494997597593922,1.0,1
0.5780757829237304,-0.0699040447754687,0.0,0
-0.711519795956868,-4.0927862724962205,1.0,0
0.680033395470556,-3.619380385462975,0.0,0
0.3231552964596678,-3.719047211253854,0.0,0
-0.8819535094617705,0.8286136678479025,1.0,0
0.6219634632003068,0.24791925374332152,1.0,1
0.25551143232595885,0.5479151543480806,1.0,1
0.809964639156683,-2.652756985016323,1.0,0
0.4974446128172765,2.2779476213325305,1.0,1
0.12224185485954964,1.9656824396347798,1.0,1
0.6730943612383955,-1.5339260700466566,1.0,0
-0.4438995233975558,2.352120552907593,1.0,1
0.09390012368912726,-0.5018447935623201,1.0,1
-0.4127663603931797,-3.552410048020063,1.0,0
0.9364087821810174,-3.265389532301785,0.0,0
-0.5476073983159873,1.4674469757100115,0.0,1
-0.968523520659075,-0.20809762133795853,0.0,1
-0.34829031599240756,1.7624498929078627,0.0,1
0.005018793939609356,-0.1767462494648266,1.0,0
-0.9432741315398498,0.5353417867215572,0.0,1
0.1184966000678147,4.247052845960347,0.0,1
0.7485655499024604,2.7936981752628016,0.0,1
0.40946438883334024,-0.865654537220821,1.0,0
0.24593664595660858,0.749937449406253,0.0,1
0.9119235014165026,0.9888908861235789,0.0,1
0.9165586676842117,1.5227823349922138,0.0,1
0.6485329394064572,0.14201761037605948,1.0,1
0.21548369477170204,-0.9870637009900725,1.0,0
-0.02447088100458661,-0.007245634473002588,1.0,0
-0.9733677735070654,-0.9605742189567518,1.0,1
0.21252381245308283,3.366734562479586,1.0,1
0.9781761507137074,2.481452477670645,1.0,1
0.636202100048058,-0.4072300377587765,1.0,0
-0.31879071223129607,0.856584521387623,1.0,1
-0.695905949911156,-0.3309185284713788,1.0,0
0.5681172289343082,2.386482271936424,1.0,1
0.48787564126348304,2.0977610328359853,1.0,1
0.9340935839586462,1.137221665421774,1.0,1
0.7496847238786777,1.7425285392290517,0.0,1
0.11132525054481479,1.3211416160831575,0.0,1
-0.7974315060705157,2.348123707616598,1.0,1
-0.032998683232079884,1.0622627466583956,1.0,1
-0.372609891955366,0.3038010582290463,0.0,0
0.02481696404967959,-1.1544512471984762,1.0,0
-0.3965968507206936,-3.143501474986364,0.0,0
0.7236459839511915,-0.05569676101342501,0.0,0
0.6886540279656443,-1.4821110668082589,0.0,0
-0.36906968566588816,0.12001813391424729,1.0,1
0.19916269274798992,2.2809768483741806,1.0,1
-0.13963828472189177,0.3456493508807063,1.0,1
0.8181855140571264,-0.830003342219248,0.0,0
-0.6252781971473544,-1.7062572497232824,1.0,0
0.39545680356991864,-2.860270414847864,1.0,0
0.9407506556744332,2.6656106707149756,0.0,1
-0.6494489608738196,-3.5533820378584986,1.0,0
-0.5960671431515936,-1.869566052462121,1.0,0
0.3874466773444558,-4.626403867394134,0.0,0
0.5583078490498279,-0.6322831514994324,0.0,1
-0.018901890412134525,-0.6845691195211633,1.0,0
0.21937293029424265,-0.8085888412589874,0.0,0
-0.5746351823763425,-0.12625979995280504,1.0,1
-0.046771542865347904,-1.6425301488355182,1.0,0
-0.7758562382501697,-1.8273112809774676,1.0,0
-0.3571561494486706,3.635652826522152,0.0,1
-0.4304405899380914,-0.6681258967267417,1.0,1
-0.11074927979515992,1.8153172498935304,0.0,1
0.8602527244873939,-1.6735420853059766,1.0,0
-0.6374646757043152,3.2254571895041737,0.0,1
-0.197223506750559,3.0283642620155957,0.0,1
0.23119443821928942,0.46203736443455234,0.0,0
0.8931141721480034,-2.1990631859389667,0.0,0
-0.7337036169284636,0.17400277145532136,0.0,1
0.835753233986227,0.0946090000821143,0.0,1
-0.8378924227318769,0.4792478281789938,1.0,1
-0.038517205679471145,-1.9564412323993414,0.0,0
-0.09082026553903444,-3.0460002723585893,1.0,0
-0.5807945422456089,0.3247260747640694,0.0,1
-0.305080663768305,-0.020582632667436825,1.0,1
-0.0916694633032038,0.0041500438387327985,0.0,0
0.7304229258212585,2.053601157701935,1.0,1
0.9101282907471195,-2.950320966062731,1.0,0
0.03785135727433042,2.0213874319756098,1.0,1
0.7401995805888437,-1.486455080034636,1.0,0
0.21634317135355885,-0.7904441317001193,0.0,0
-0.3018253160246491,-1.651558726502541,0.0,0
-0.6116115847730619,0.17923971567850325,0.0,1
-0.17373045643447038,-3.811635749599855,0.0,0
0.0456485658476955,-1.1361714405743872,0.0,0
-0.9111132234808876,-1.0315130905707057,1.0,0
-0.7083176682582986,2.5278604047263893,1.0,1
0.20036884796288001,0.3013962875744362,1.0,1
-0.5499968106456758,1.391036622992606,1.0,1
0.6746527521625949,0.011877628773005196,0.0,0
-0.34611550045161876,-2.097800742925429,1.0,0
-0.7903315854934982,1.8144097363664953,0.0,1
-0.8329388228893659,-1.690882684135135,0.0,0
0.8742460410635593,-1.0524866815455163,1.0,1
-0.7639593775162417,0.3641995576191329,0.0,1
-0.71818047167588,1.891077578894212,1.0,1
0.7253321158655059,-0.40276908656548843,1.0,1
-0.49142373944531204,3.021049463966551,1.0,1
0.3319028215088322,-1.1429568301041984,0.0,0
0.6334513740597827,1.3311785739092636,0.0,1
0.21436128026038426,0.00723260190140614,1.0,1
0.9149770868956988,3.093343676424839,0.0,1
0.4177657985216827,0.4288120265219648,1.0,1
-0.7744969801926833,-3.754625636112194,0.0,0
0.1168200530917598,2.176670419619015,0.0,1
0.43637305217836775,-0.16309702668105489,0.0,0
0.6039144807468904,-1.1061238221367657,1.0,1
-0.9473573294318169,2.4459295238416776,1.0,1
0.4377578305428489,-0.6626172720590036,1.0,0
0.651361642038899,1.1999734863246836,0.0,1
0.493667621870713,-1.536766638595355,1.0,0
0.024698291311196163,-1.6722602536559754,0.0,0
-0.08395807382239417,3.6211635211672224,0.0,1
0.09883716659963171,-1.5740654745253715,1.0,0
0.4092873976532041,-1.1695418728349367,0.0,0
0.8458285812649708,-3.416641583735366,1.0,0
0.23407042128224997,3.259964488015646,1.0,1
0.7756686125669392,0.7959966465901968,0.0,1
0.4025136948914547,0.4755592669051938,0.0,0
-0.8633272451223049,1.9502768211572568,1.0,1
0.0016563800032436404,-2.6586731386685343,0.0,0
-0.42702730336951533,-1.0820935638393416,1.0,0
-0.42965014373485544,-0.18287546249902142,0.0,1
-0.28814489756803163,-3.096942101456922,0.0,0
-0.37053445599904844,2.622854252699902,0.0,1
0.15721996023420037,-0.036858100386734434,0.0,1
0.3672030007071141,-0.6465772725110006,1.0,1
-0.4625012258465291,0.47245097913656703,1.0,1
-0.7404747548632373,-1.5051645686735984,0.0,0
-0.8823825581310758,0.09022600762593254,0.0,1
0.15150569006110448,6.8550770940049865,0.0,1
-0.6277396673339952,1.2093640604916023,0.0,1
-0.9815040115526013,3.3366221192686507,1.0,1
0.8555061586474082,-0.7101662449118407,1.0,0
0.07428083816648123,-1.5031379802618756,0.0,0
-0.8151036395060545,0.6194071787433186,0.0,1
0.6858422242549707,-2.68340988684807,1.0,0
0.9664054765802361,-4.613915530891589,1.0,0
-0.1027986759645656,1.4631850100442776,1.0,1
-0.9150207835236837,1.2826762899444588,0.0,1
-0.764908118487873,1.6677024435061434,0.0,1
-0.23669250670913566,0.05633974637999319,0.0,1
0.7710452748977541,3.9567453997593245,1.0,1
-0.7039226414444759,-0.17465637411523005,1.0,1
0.647980188005391,-1.1079294815811558,1.0,0
-0.9700474795619611,-6.012997430014653,0.0,0
-0.08522260242837798,-0.09433173530648328,1.0,0
0.2887942819011362,1.663755570119357,1.0,1
-0.8792410359488072,0.013722397078995911,1.0,1
0.22952550123297333,2.2484434688935213,1.0,1
0.8888082429391122,4.589762332510783,0.0,1
-0.6794801597268099,-0.346700416754399,0.0,0
0.45922276607070556,2.4625071191866166,1.0,1
0.2181877958870868,-3.1717051503600486,1.0,0
-0.6297672222415389,2.0626382087132518,1.0,1
-0.9875931705812679,0.1269809607735386,0.0,1
-0.9814310989881458,-0.44278099669412807,1.0,0
0.0641848183440572,-0.3267978400129792,0.0,1
0.8855588191223871,-0.3126069366772853,1.0,0
0.2885972549312248,-0.6176058186904998,1.0,0
0.4285996925874873,0.3973459402993297,1.0,0
-0.012269026158925778,-0.3485842681328042,0.0,0
0.1637778852691396,-2.3115849579264056,1.0,0
-0.7472649493387931,0.8341077779842484,1.0,1
0.7536412408012616,-1.2157358967789362,0.0,0
0.5215852573336037,2.09597322958426,0.0,1
0.9963979056892192,-0.06765393314476142,0.0,1
-0.4045541048887573,0.2540479066423802,0.0,0
-0.5459644564078843,-4.098463826489333,0.0,0
-0.7496766840773141,-2.5133602563362443,1.0,0
0.9284195132320896,1.8792287870148996,0.0,1
0.5617703692560472,-1.4676334520523566,1.0,0
-0.6673507725607226,-1.0648753179978994,1.0,0
0.10537294221642779,-0.5558799345365587,0.0,0
-0.17246358386544647,2.7274851856546847,0.0,1
-0.6970279843876144,0.748275995603167,0.0,1
-0.675854029940069,2.620529206766657,0.0,1
0.9269399894903714,-0.5354955950623828,1.0,0
-0.3900716340845556,0.42635252753278247,1.0,1
0.8828785833678865,-2.4064869107519518,1.0,0
-0.8487786538698312,2.356062470286744,0.0,1
-0.07839391541361884,0.2172964073897067,0.0,1
-0.7407619029664798,0.0882581975925509,0.0,0
-0.9904252295176557,0.676631078451319,1.0,1
0.10753214741215311,2.8935841478406457,1.0,1
-0.7722117903772732,-0.4289902129771805,1.0,1
0.4440490618673594,3.326077915509812,1.0,1
0.3962327514137991,-1.7030451688075827,0.0,0
-0.6473341850710217,0.8443692159381834,1.0,1
0.8834842865310333,4.018437122349752,0.0,1
0.4420868168649792,-0.9796294625172025,0.0,0
-0.4040594716861401,0.49051170688683965,0.0,1
0.41846752790158126,1.7550101256728678,1.0,1
0.4638605553630719,-0.2757993977974133,0.0,1
-0.31554733749807884,-3.0007065523286593,1.0,0
-0.24882287507708156,-2.1119187181379124,1.0,0
-0.2817869846933998,1.1618651777076694,0.0,1
0.23323688710414814,1.7830306399784894,1.0,1
0.8008202930803587,1.5691106686419924,1.0,1
-0.6536135275428248,2.29286402773569,1.0,1
0.7503992196726368,0.14397038987204333,0.0,1
-0.944693686989315,0.4164663414220133,1.0,1
0.32067719195644484,-3.0377373183150587,1.0,0
-0.17112225362061162,0.634657907404674,1.0,1
0.5825631044649875,1.2253615707821957,1.0,1
0.44239622586180594,-1.1664225896319729,0.0,0
-0.03978438570963205,1.2880033977898224,0.0,1
0.28772807344519347,-3.6317776890356477,1.0,0
0.003546261399890449,1.5021991955890737,0.0,1
