valence,acousticness,danceability,duration_ms,energy,explicit,id,instrumentalness,liveness,loudness,name,popularity,speechiness,tempo
0.8170000000000001,0.0158,0.551,214933,0.863,0,3Bdqlr7jQLNhITAgcBGQBG,0.0,0.0843,-3.506,Close Your Eyes,1,0.0322,143.952
0.5479999999999999,0.00661,0.494,234627,0.887,1,7sLpSWxQazJzDVG6YGzlVs,0.0,0.103,-4.297,99 Problems,1,0.398,89.554
0.732,0.0477,0.59,235507,0.94,0,3BuPop8SzLG2Q88TJcFAjp,0.0,0.379,-4.124,Raised On It,1,0.0409,94.02
0.475,0.000473,0.34,288947,0.974,0,7EvjTEzuv7TWaIaWY63sWV,0.0928,0.373,-5.114,Drifter - 2015 Remaster,0,0.106,101.276
0.55,0.994,0.41,197653,0.1689999999999999,0,38PozVGXXoeO8dTEVzy74Y,0.901,0.113,-18.862,Soultana maurofora,0,0.0391,93.89
0.973,0.389,0.875,169760,0.391,0,1HK6Zbd0cqB6c67jLVtWjI,0.0,0.04,-7.548999999999999,Just Because,0,0.049,127.005
0.607,0.742,0.482,168267,0.272,0,3GBqKmJ62SJ943NQ9i1JuE,0.0,0.0803,-13.752,A Girl in the Night,0,0.0349,115.669
0.271,0.485,0.495,301960,0.351,1,7t1lBIr3WIEtqQEOdZFMUf,0.0,0.0967,-14.669,Look What You've Done,1,0.34,134.369
0.6859999999999999,0.0481,0.757,212640,0.848,1,2rzBvHM9h36Tpdj7Jdajka,0.0,0.121,-4.234,Wild for the Night (feat. Skrillex & Birdy Nam Nam),1,0.335,139.995
0.439,0.105,0.675,213598,0.414,0,1abFkY2jm6KDFMZ7RD9YJh,0.0,0.192,-6.507999999999999,Painkiller,1,0.0569,128.92700000000002
0.54,0.723,0.311,167653,0.4,0,1YE46BFFZ0k0Ps9B7khRHs,0.0,0.127,-13.444,Available,0,0.0342,77.6
0.469,0.000116,0.589,191960,0.983,0,7vSLczWXW1fHRlngshcwS6,0.00198,0.0627,-2.521,Voices,1,0.121,110.007
0.815,0.122,0.588,273984,0.574,1,2a6dHVNf5lzWUaQHc2JDRq,0.0,0.371,-6.813,So Icy (feat. Young Jeezy),1,0.379,122.74
0.265,0.178,0.515,216120,0.593,0,4ImYwDlqjqxCRxnRe66rBa,1.63e-05,0.155,-6.885,Gone Too Soon,1,0.0253,95.967
0.0799,0.00194,0.422,232333,0.6779999999999999,0,3EP7G1q7sjCYHZiWLGCw0V,8.109999999999999e-05,0.0687,-7.355,"If I Told You This Was Killing Me, Would You Stop?",1,0.0421,150.238
0.157,0.948,0.303,258266,0.0141,0,360beQMahQ2FdZ9OmWYiBT,0.0944,0.0792,-19.759,Naima,1,0.0418,171.43900000000005
0.38,0.457,0.157,166333,0.382,0,0OuPMjmicFfmnB3SFFqdgQ,0.0,0.1669999999999999,-8.875,Will I,1,0.0313,178.017
0.1,0.123,0.26,188813,0.391,0,6zMJGaKAz5Jq6RO2mo5N3p,0.0,0.0965,-8.158,Wholy Holy - Mono Single Version,0,0.0316,91.495
0.334,0.038,0.389,183567,0.768,1,0OtK6gE4DipBy7u3rUWBvJ,0.0,0.119,-4.765,WRONG (feat. Lil Mosey),1,0.256,90.146
0.428,0.985,0.454,56067,0.308,0,4OXwLmIZE4CNUH6MzhtfvI,0.0396,0.696,-15.946,"Hermit Songs, Op. 29: The Praises of God",0,0.124,118.166
0.462,0.523,0.346,185000,0.541,0,4sNHs90rxBaSoHb6lga2Ov,0.965,0.385,-12.467,The Bells of Dublin/Christmas Eve,1,0.0447,108.671
0.453,0.156,0.852,202840,0.87,0,7He25ABYo4EgDmZGtJBwdW,0.306,0.0205,-2.367,Bota y Tambo,1,0.109,125.136
0.486,0.389,0.211,208173,0.442,0,3NpQNZnoupSo1ZF9SMO4O1,0.711,0.36,-8.135,The Invasion of Kushana,0,0.0312,76.923
0.6579999999999999,0.188,0.6779999999999999,315771,0.5670000000000001,1,5sWbwccBcyHsg5LEKWGZo9,1.67e-06,0.1639999999999999,-9.148,BRACKETS,1,0.261,84.039
0.269,0.915,0.261,302533,0.379,0,1xwNkmeMAlio5U8hPWHMHq,0.845,0.146,-10.377,A Tree Grows in Brooklyn: Overture,0,0.0342,111.529
0.341,0.959,0.785,286378,0.122,0,1hqQD9G2qUMq3iiDhqhetT,0.931,0.118,-22.617,Exactly Like You,1,0.0406,118.979
0.302,0.00654,0.332,276560,0.753,1,6Xpw5ZIzI3TaHbM9rwm1l8,1.22e-06,0.385,-4.296,Nickel Sized Hail (feat. Colt Ford),1,0.0389,140.02100000000002
0.8540000000000001,0.301,0.629,236160,0.5479999999999999,0,1FerGrTyGsT1KufVFVuvA4,8.120000000000001e-05,0.206,-13.258,Just Another Day in Paradise,0,0.0366,124.784
0.913,0.0612,0.359,158929,0.519,0,5iDJ1L6f4yiLhullAKM3nU,0.000164,0.352,-8.508,Señorita Cantinera,1,0.0522,186.331
0.414,0.505,0.76,221419,0.568,1,0rhxoXFMKRtm1dQJfi72Yh,0.0,0.107,-3.92,No Heart,1,0.0558,77.482
0.0797,0.995,0.436,345600,0.0589,0,2lXgHv74X0FzRews9Kgo9E,0.902,0.118,-16.857,I Let A Song Go Out Of My Heart,0,0.0472,69.327
0.4270000000000001,0.601,0.522,136400,0.252,0,1LwiP981p77q2Fxud5XU2E,0.0,0.462,-11.162,Devoted To You - Remastered,0,0.0262,93.763
0.556,0.221,0.632,274787,0.6859999999999999,0,7fBriLorh3BZIXE1aDxTkh,0.000306,0.124,-6.932,Gangs In The Street - Remastered 2006,0,0.0315,108.33
0.7979999999999999,0.0214,0.66,281760,0.669,0,2BuTposwmSKxFBgEoi4jES,0.0117,0.27,-14.895,Power of Love,1,0.0418,120.989
0.526,0.7509999999999999,0.518,167307,0.143,0,3Cy7ZOXRc5TOo9uwqpyE1L,0.00417,0.104,-17.281,Blood on the Floor,0,0.0271,81.258
0.6459999999999999,0.0212,0.4270000000000001,245067,0.947,0,1k9HQORW9eNnQhv8me7ERI,0.00405,0.158,-9.792,Out on the Tiles,0,0.0563,93.853
0.357,0.994,0.63,130880,0.166,0,04UZXaYJa8yDBcjfdz8T9x,0.0,0.105,-10.186,Making Love Ukelele Style,0,0.0549,125.992
0.297,0.987,0.484,274467,0.128,0,256v6BnPf5Y2k2a37ZzUNn,1.02e-05,0.16,-19.312,"Le nozze di Figaro, K. 492, Act IV Scene 8: Tutto è disposto … Aprite un po' quelgli occhi (Figaro)",0,0.0668,122.656
0.38,0.482,0.536,200373,0.664,0,1N2fNKIlJJ6PQgcVD1GrBP,0.0,0.0925,-4.735,Where I Belong,1,0.0276,89.963
0.732,0.995,0.725,170000,0.2,0,0E5tqJq0ShcgIOByzMO82v,0.4370000000000001,0.112,-9.056,Flor de Ceibo - Remasterizado,0,0.0788,114.384
0.171,0.958,0.263,169080,0.0346,0,60iHtNrA3WoJsXa1dgjGAZ,0.0,0.115,-18.395,Silent Night,1,0.0409,80.273
0.8440000000000001,0.753,0.662,192493,0.438,0,4JbUNPzmze5UFDX4x0jOHp,0.708,0.0726,-16.232,Arrive Derce Roma,0,0.0315,127.206
0.151,0.5660000000000001,0.438,238500,0.315,0,4jSE5cAaa5rwTyhDSXfwQN,0.0,0.606,-10.941,say it over (feat. Cautious Clay),1,0.044,156.031
0.954,0.5539999999999999,0.7709999999999999,198356,0.418,0,4u6zS8iQZ7Y6LgW7WXwaLb,1.85e-06,0.0528,-7.2,Así Te Quiero,1,0.053,126.26
0.481,0.991,0.247,356307,0.224,0,33uFZFAIQCpGfVGNrRvBHK,0.89,0.102,-19.505,"Polonaise in A-Flat Major, Op. 53 ""Heroic""",0,0.034,83.581
0.836,0.76,0.6,143333,0.364,0,3vNjmFiKa1MFpdetnDFlha,0.00296,0.0454,-13.289,Little Girl,0,0.0315,137.541
0.956,0.0128,0.716,89667,0.877,0,21vp1orbqySVyww9ngW44w,0.000918,0.114,-9.299,Viet Nam,1,0.281,160.513
0.604,0.7609999999999999,0.487,149800,0.441,0,06JokgprGDKrtZ1eP6z2CQ,0.0,0.15,-11.297,Take Good Care Of My Baby,1,0.0722,82.70700000000002
0.821,0.266,0.49,209373,0.993,0,3SlME8VLYeouyCAKPaTB41,0.583,0.7859999999999999,-3.498,Where The Boys Go - Remastered,0,0.136,160.399
0.31,0.893,0.54,175000,0.203,0,0bLQEKrgWDAnU7j8bFiDnL,0.0,0.12,-12.123,"You Belong To My Heart (Solamente Una Vez) - From ""The Three Caballeros""",0,0.0322,104.412
0.32,0.00213,0.949,199299,0.617,1,6FaYbjgD31OYcsqtMWFEz7,0.0,0.178,-4.961,"Pussy Talk (feat. Quavo, Lil Wayne, & Jack Harlow) [Remix]",1,0.185,99.029
0.8420000000000001,0.634,0.7929999999999999,249200,0.474,0,57FvuUotRyzRl8hwIhCVuO,0.0005099999999999,0.0951,-15.903,Margaritaville,1,0.0378,125.143
0.614,0.135,0.584,216707,0.672,0,0SzA3cxDbv1edUF2yarnCQ,1.98e-06,0.062,-10.727,Your Love,1,0.0563,129.53
0.738,0.856,0.412,292867,0.404,0,4JXKwi4Pc7C6Ntz32Gfnwu,0.085,0.285,-13.029000000000002,Ding Dong - Take 1 / Take 2,0,0.0533,145.13
0.263,0.276,0.545,265733,0.229,0,2FsyipmdfqzzA1P9myWpfi,3.48e-06,0.132,-16.205,Can't We Just Sit Down (And Talk It Over),1,0.0298,121.716
0.303,0.993,0.485,265000,0.0576,0,77fv87hNviECO3uWrKKKCM,0.757,0.107,-14.886,When Day Is Done,0,0.0633,87.758
0.0694,0.451,0.5429999999999999,205480,0.509,0,08DBDmvEgY2ZTVMVH2A8lt,0.7340000000000001,0.112,-14.745,The Game Has Changed,1,0.0418,99.974
0.276,0.35,0.314,248160,0.536,0,27zHcqNyb9dU3OrcT4WyOg,0.0085,0.127,-10.059,My Fairy King - Remastered 2011,0,0.0322,99.812
0.94,0.7120000000000001,0.851,112859,0.265,1,1LyW3Cwi49N1l58Pf1TNKy,0.000711,0.75,-14.402,Somebody Kill Me,1,0.4320000000000001,116.467
0.8009999999999999,0.000336,0.297,199640,0.968,0,0nBxdeNF1TSfy4OATiR9NK,0.878,0.096,-8.765,Walter's Walk - Rough Mix,0,0.0486,175.954
0.17,0.994,0.417,187800,0.0913,0,71RfcVACN01ZDANIgkU2tt,0.86,0.128,-18.905,Soja Soja Soja Ri,0,0.109,172.082
0.496,0.83,0.674,194880,0.444,0,2YmzLhrBrhPfzAA7BySWTi,0.00357,0.123,-11.319,Paper Mountain Man,0,0.0321,110.666
0.28,0.6970000000000001,0.32,156627,0.107,0,1lcUS7v5FdoVfx7aEjhjig,4.29e-05,0.157,-20.067,Please Love Me Forever,1,0.0333,77.092
0.789,0.0616,0.436,160177,0.454,0,52ptukAuDj4A1zmAjGUa0y,0.14,0.15,-11.379,Amanaz,1,0.0299,125.612
0.126,0.334,0.316,168093,0.223,0,3wiN3YodUt5uIAAuVLBvdS,0.00964,0.19,-14.091,Atrás Da Porta,1,0.0343,183.3
0.183,0.93,0.508,315027,0.0721,0,0JbZXKGdbTWcE9Eqs0UYtx,0.000331,0.122,-18.637,Born To Be Blue,0,0.0387,55.115
0.698,0.0183,0.74,170858,0.516,0,53BHUFdQphHiZUUG3nx9zn,0.0,0.0558,-6.233,Bang!,1,0.0507,139.918
0.188,0.964,0.405,283000,0.0379,0,32Zk77GqKPZOzZvWsMzUVW,0.879,0.0913,-28.26,Temptation of the Renaissance: Air - Variations - Dance,0,0.0374,131.7
0.531,0.988,0.687,185005,0.235,0,0uNv4IB4xDOWi6UNOuym0N,0.315,0.392,-20.496,Pete Khele Pite Soi,0,0.944,87.505
0.8420000000000001,0.238,0.527,210267,0.885,1,644MFjfIMaBayYEEAb3gjb,0.0,0.101,-0.938,Success,1,0.333,88.964
0.895,0.3,0.7829999999999999,233840,0.632,0,0TQ5nIVC1ILlBnbUl0x2bR,0.00456,0.16,-9.726,Burial,1,0.0997,154.566
0.124,0.993,0.5539999999999999,168067,0.141,0,2ITQp9fpsEN8TfLTOtCvN0,0.000242,0.212,-15.031,Don't Pass Me By (Bonus Track),0,0.0381,111.796
0.0677,0.926,0.31,173467,0.156,0,2VcEV5VBNDGJECfhBdkAoj,0.00021,0.201,-16.534000000000002,Something to Live For,0,0.0332,64.048
0.329,0.517,0.144,138333,0.324,0,2aVkxdoYmStDA8h3kgnDKh,0.6679999999999999,0.392,-13.182,Away In A Manger,0,0.0328,145.92700000000005
0.0647,0.947,0.107,259400,0.0816,0,3rGgUQ1l2vi6YVdVwukuCR,0.00269,0.0858,-21.029,From This Day On - Outtake,0,0.0389,83.706
0.541,0.99,0.5489999999999999,294818,0.324,0,4oz1a2GDkNP4xCA6yOk28m,0.4,0.186,-8.458,Desh Ki Pur Kaif,0,0.0431,116.991
0.7879999999999999,0.22,0.8240000000000001,160825,0.7829999999999999,0,6o4LOloYJc8yu0CdvOvifU,0.0,0.234,-4.53,Hard On Yourself,1,0.0507,114.028
0.357,0.852,0.485,183360,0.182,0,7F3R0rKXq5eYgPug8vqOdu,0.0,0.112,-18.083,Greenfields,1,0.0434,110.608
0.726,0.598,0.518,440440,0.6629999999999999,0,5mB5bx5TTaxawgHXbNhLtO,0.434,0.0497,-8.286,"Behind the Gardens, Behind the Wall, Under the Tree...",1,0.0556,109.225
0.452,0.0364,0.5489999999999999,202787,0.5760000000000001,1,7uMBc5uxQRZNFowjhxH9WL,1.94e-06,0.147,-6.282,Fuck You Bitch,1,0.0263,118.709
0.26,0.0411,0.615,223147,0.648,1,7iaw359G2XT14uTfV9feip,0.0,0.277,-3.792,Lockjaw (feat. Kodak Black),1,0.22,169.912
0.299,0.439,0.5760000000000001,198733,0.355,0,3wxgj5N8ZKoZWHDw6FJUf2,4.55e-05,0.13,-8.388,Like Jesus Does,1,0.033,137.232
0.0989,0.8640000000000001,0.226,202173,0.178,0,0AjBbSZJCX3rovgWVkdKNO,8.81e-06,0.358,-13.550999999999998,By Myself,0,0.0315,70.726
0.66,0.992,0.403,212332,0.201,0,3ktJjyHsoA97lZL3dXQtPU,0.938,0.109,-16.016,Ae Kafile Wale Mera Paigham Liye Ja,0,0.0477,75.048
0.417,0.996,0.563,174667,0.242,0,230yKx4iJH3uW33JkEqP4g,0.912,0.398,-12.03,Silbando - Remasterizado,0,0.147,113.549
0.403,4.16e-05,0.346,147036,0.944,0,0HUTL8i4y4MiGCPId7M7wb,0.565,0.0546,-9.874,Freaks,1,0.0485,179.63
0.659,0.904,0.617,169827,0.267,0,0uQZYQqUY0bEEu7dNTiKkj,0.0,0.188,-11.869000000000002,Honey In The Honeycomb,0,0.0392,106.781
0.6829999999999999,0.0627,0.62,212347,0.812,0,4trx1lgbQ9FtrI5V9Y8C5Y,0.0,0.8759999999999999,-5.672999999999999,I Wish (feat. T.I.),1,0.181,91.97
0.203,0.932,0.597,167693,0.126,0,086RZ0U22i29HR5bj0sWSB,0.922,0.17,-20.31,For All We Know,0,0.0359,79.611
0.536,0.495,0.79,256653,0.536,0,6gpEUabUe4Qtc0jek4BC50,0.0,0.111,-6.192,Burn - Radio Mix,1,0.11,119.904
0.189,0.8490000000000001,0.256,109309,0.305,0,58r4PiO6hGyxwoTukePz9Z,0.912,0.813,-11.332,Main Title,0,0.0317,90.461
0.68,0.0439,0.7609999999999999,261933,0.487,0,4ppot5EJLPHnDZCvwxCgB0,0.000778,0.1369999999999999,-11.602,Pain Is So Close To Pleasure,0,0.0259,112.164
0.759,0.7829999999999999,0.596,168173,0.455,0,248Orfv0ERpCJ4wAp4JeCc,0.0,0.104,-9.943,Peddler Man (Ten I Loved),0,0.0372,123.955
0.196,0.215,0.42,214587,0.8370000000000001,1,3QhfFRPkhPCR1RMJWV1gde,2.9600000000000005e-05,0.0876,-5.24,Radio,1,0.061,75.043
0.524,0.868,0.31,377170,0.628,0,0yKN2M89zNQTO0QROjfYfW,5.379999999999999e-05,0.297,-4.711,Ya Men Ykolak,0,0.033,96.893
0.6890000000000001,0.989,0.499,186002,0.162,0,26HPpGEVcBeFhcKrKTbCeg,0.0,0.115,-14.739,Bura Kisko Manoon Bhala Kisko,0,0.122,74.491
0.721,0.277,0.574,209200,0.53,0,2V7e0D3hauJAyGtgc9EFxK,0.0,0.134,-9.766,Hablar De Ti,1,0.0588,167.483
0.346,0.0427,0.438,218533,0.6890000000000001,1,5uKAG0VR8EzBWVIuoebAW5,0.0,0.148,-4.534,Community Property,1,0.0302,82.029
0.623,0.0708,0.468,203227,0.601,0,6xwaSyLlo2E7dFwHKBAQdL,0.173,0.201,-10.343,Cherokee,0,0.0479,141.235
0.7190000000000001,0.0373,0.5479999999999999,188084,0.843,0,4RS9PmtHQe7I0o5fEeweOY,1.26e-06,0.0536,-7.32,Dance the Night Away - 2015 Remaster,1,0.0597,129.661
0.625,0.922,0.669,158627,0.155,0,0D7iq2D5QOMW03vvniFT7Z,0.0,0.202,-12.543,I'm Dying a Sinner's Death,0,0.0334,78.388
0.381,0.0206,0.495,343133,0.963,0,3J9YNfYgfnpbTswOOe3pPm,0.00186,0.267,-6.059,Worlds Forgotten Boy,1,0.0528,87.65799999999999
0.7290000000000001,0.324,0.794,288267,0.475,0,2JbygM27k6XozLpPfXSoBn,0.0,0.0359,-9.107,Valentin Felix,1,0.119,109.562
0.344,0.928,0.402,167777,0.244,0,0RHzV9jljIynQKhTXDFD86,1.04e-05,0.161,-10.961,Sucedeu Assim - Remastered,0,0.0301,95.91
0.336,0.518,0.363,252600,0.256,0,17nQsSXT5w3sUqwkRU1dDc,0.0,0.0892,-15.319,Something In Your Eyes,1,0.031,140.35
0.941,0.991,0.61,149587,0.408,0,45gJtGEkz8FBjadUdjsei3,0.865,0.173,-12.318,Dejalo Correr - Remasterizado,0,0.077,142.211
0.211,0.255,0.407,293587,0.6629999999999999,0,2mxPSHEwjJWOQS7lGw6btF,0.000166,0.0913,-7.591,Lucky Man,1,0.0305,75.98899999999998
0.0505,0.965,0.325,347200,0.0135,0,61M1xK5iTUfABhAAmyrr38,5.64e-05,0.0984,-19.276,"Come Sunday (From Black, Brown and Beige) (with Mahalia Jackson) - Accapella",1,0.0418,84.331
0.429,0.00703,0.496,336387,0.8440000000000001,0,0viCxBdQvd5WE4M1lXzv7u,9.75e-05,0.244,-5.247000000000001,Lead Me On,1,0.0275,94.733
0.545,0.916,0.506,103373,0.231,0,23B4EhyBqrhpvBFGk7MU7l,0.0,0.529,-10.446,A Foggy Day,0,0.0519,139.376
0.804,0.951,0.69,169509,0.7140000000000001,0,3zhptXjoaB6EF8WUtde9iA,0.000348,0.234,-15.857,Kiembeli,0,0.0747,116.188
0.482,0.226,0.674,299733,0.517,0,0FtV0YbnnjD7PXpLHFHPhn,0.0,0.0697,-11.225,Fancy,1,0.0726,94.98
0.62,0.994,0.501,214320,0.214,0,5AiHDa6JCVQuqfarnJOwAc,0.624,0.0959,-13.887,Oración - Instrumental (Remasterizado),0,0.134,172.87599999999995
0.434,0.0336,0.596,432893,0.95,0,4UYW3jllzFyWdaxob0UVMr,0.858,0.138,-12.759,On,1,0.0462,134.982
0.219,0.954,0.259,203907,0.0478,0,3YnNxutMcIxBGx8guXeGDJ,0.0425,0.158,-21.716,There's a Lull in My Life - 1997 Remaster,0,0.0342,90.847
0.818,0.83,0.616,149123,0.736,0,2zN8CUOWRFiCUlPVdLb0Pj,0.0156,0.117,-9.156,Big Boy Pete,0,0.058,131.501
0.743,0.992,0.469,203000,0.487,0,5GIsPBfq12xmAuvJjdOnSZ,0.0979,0.767,-6.763,Lupe - Remasterizado,0,0.191,155.999
0.5479999999999999,0.0314,0.3229999999999999,223067,0.8059999999999999,0,7IUBw7EUgcjzGV6zv9fkLX,1.11e-05,0.181,-6.553999999999999,Secret Door,1,0.0769,124.615
0.0345,0.955,0.0633,359427,0.0427,0,0gt7ei2Fube4V9jnJ5VCKM,0.976,0.117,-27.648000000000003,The Grey Havens (feat. Sir James Galway),1,0.044,57.72
0.619,0.49,0.625,124627,0.6679999999999999,0,1V7mHn6zEEUpgysBYxiW9r,2.33e-05,0.226,-9.871,2 Atoms In A Molecule,1,0.0518,145.029
0.368,0.00127,0.407,160600,0.8959999999999999,0,0X8aX9hOCK8EKCC3aUTXBf,0.129,0.102,-9.0,Letter to Memphis,1,0.0638,115.047
0.424,0.99,0.304,190827,0.309,0,3eMuewiZwtagGIrswkziHz,0.924,0.331,-13.208,Gunjamala Gale Kunje Eso Hey,0,0.0396,70.959
0.733,0.652,0.404,161800,0.5589999999999999,0,3GOhu9TwJV9t6KFEh8Zro5,0.0,0.313,-4.7010000000000005,Con La Misma Tijera,1,0.0339,164.293
0.209,0.994,0.333,530699,0.28,0,7F9CW90eAWXwG8fDFhROiP,0.921,0.109,-13.443,"Die Meistersinger von Nürnberg, WWV 96: Prelude",0,0.0443,106.109
0.501,0.0547,0.471,226267,0.882,0,7cMQPvEEDqKRHzyYkJR3QY,1.01e-06,0.338,-5.496,Ninja,1,0.0784,145.691
0.226,0.982,0.332,827000,0.224,0,5RS5AW93JLbgdeWlUaApfd,8.38e-06,0.152,-18.366,"Arabella, Op.79, TrV 263 / Act 3: Über seine Felder - Live",0,0.0929,90.206
0.605,0.0475,0.419,243933,0.6709999999999999,0,4juJw163tH0zGCptRcoTM4,0.0,0.246,-7.598,25th Floor,0,0.0553,119.18
0.87,0.994,0.419,159360,0.332,0,09FwGofzt5Rnn1TsMpwMuV,0.574,0.112,-12.765999999999998,Ide Anandanu,0,0.0687,72.931
0.736,0.5770000000000001,0.501,155307,0.487,0,6Vq7kfgXVsYJYtmEDUaKFY,0.00443,0.133,-10.798,Moonlight In Vermont,0,0.027,109.416
0.113,0.958,0.229,286040,0.0976,0,0MJoXvkro613KbqceGKVPl,0.00288,0.114,-22.214,不唱山歌漸漸生,0,0.0453,86.169
0.156,0.0409,0.276,289533,0.8490000000000001,0,6HLuIZTsFcNYsgUm2sJAY9,0.195,0.601,-9.883,The Trees - Live In Canada / 1980,0,0.0759,142.179
0.459,0.8370000000000001,0.7240000000000001,94853,0.116,0,2lAi4gevWJz7YlhUuRz9qp,6.54e-05,0.0916,-19.675,Cotton Candy Land,0,0.114,111.186
0.733,0.97,0.647,138360,0.193,0,1UGHd8Zk5UC21jNHnagEKc,0.000379,0.114,-20.356,Mi Cotorrito Bohemio - Remasterizado,0,0.317,121.746
0.184,0.00285,0.478,253040,0.6459999999999999,0,1K0QKOvwssPWYFvFvfTayI,0.0906,0.197,-12.919,See Emily Play - 2015 Remaster,1,0.0405,120.459
0.249,0.924,0.255,140747,0.239,0,2LbHNkJz6fNNtlMdPq272c,4.44e-05,0.168,-10.753,Be A Child At Christmas Time,0,0.0356,75.616
0.0448,0.993,0.284,225693,0.146,0,1MR8TRRA4Kp3hLVUuo0QnG,0.884,0.157,-22.045,"Mazurka, Op.59, No. 1 in A Minor",0,0.0357,97.649
0.166,0.852,0.569,345253,0.79,0,5NvDNam7Ueam5m6qryooXI,0.0,0.478,-13.108,Reagan - Live,0,0.958,95.798
0.795,0.955,0.476,192560,0.6459999999999999,0,1kFH0OIVrOa5hd6v6oZsIU,1.26e-05,0.14,-5.524,Ston potamo ta rouxa mou,0,0.0756,85.51100000000002
0.354,0.000786,0.48,134027,0.936,0,5vw6mb5UUdA3vVQfcFN8yA,0.0,0.0973,-4.056,No Waves,1,0.0454,98.493
0.4270000000000001,0.8909999999999999,0.6509999999999999,176040,0.0453,0,5nvRa7XTODdrFqGsuTcAjI,0.0,0.145,-23.104,I Can't Give You Anything but Love,0,0.0757,95.157
0.605,0.0509,0.511,439067,0.67,0,0O2SYh5AZ0y8MAPOVC4Mxz,0.145,0.102,-7.135,Ball and Biscuit,1,0.188,78.138
0.8640000000000001,0.00997,0.7070000000000001,195347,0.848,0,0WzoFlhIk42l7mExIRAm4e,0.0,0.0994,-4.489,Get Down,1,0.0481,111.984
0.735,0.0825,0.502,279613,0.73,0,2StaBZCqvzVx1582KFsmaP,2.69e-06,0.104,-6.979,De Oro,1,0.134,87.889
0.895,0.0593,0.6409999999999999,165227,0.727,0,3OwoQ968t9qJXYxFk7DCvu,6.19e-06,0.156,-7.06,Heat Wave,1,0.0417,157.96200000000005
0.0804,0.992,0.429,399667,0.0997,0,4eoDPVbSx04PlypRDwjsXk,0.902,0.115,-23.88300000000001,The Approaching Night,1,0.0427,93.229
0.104,0.0583,0.44,347760,0.628,0,75gfxIedwH7j2s5nc7JgWh,0.000382,0.12,-5.645,Silent Lucidity - Remastered 2003,1,0.0274,139.931
0.467,0.0681,0.617,182147,0.708,0,0iQJLCJyv6TTPUP4u4y8DJ,0.0,0.123,-4.54,Thirsty,1,0.0284,96.996
0.47,0.561,0.535,452507,0.364,0,0AwyQWVHUPaXVoDuD9qzTH,0.0284,0.122,-14.112,Le Chant Des Fauves,1,0.0352,93.217
0.957,0.7190000000000001,0.706,314960,0.603,0,0BGDijO05WJ1kpqVLwUU5d,3.5e-05,0.0586,-3.397,El Paso De Encarnación,1,0.0569,88.56700000000002
0.84,0.0102,0.7290000000000001,352906,0.989,0,51H2y6YrNNXcy3dfc3qSbA,4.45e-05,0.443,-4.613,When Doves Cry,1,0.049,126.47
0.868,0.748,0.705,172787,0.296,0,7G1EstFBLZlsSOdZew2P20,0.0,0.113,-12.978,I Wanted Wings,0,0.155,128.735
0.588,0.227,0.58,231667,0.708,0,25KR4NyUYhReCZcCUPyUOC,0.0588,0.0919,-7.21,The Loner - 2017 Remaster,0,0.0268,105.931
0.647,0.0186,0.363,226667,0.949,0,2RQIRSQbYYU8Tp7kEvPYyf,0.342,0.377,-5.843,People Ain't No Good,0,0.138,152.48
0.5820000000000001,0.242,0.395,180107,0.8909999999999999,0,7kSVkSQxIiJhecC6CoHWIo,0.0134,0.691,-10.03,"See See Rider - Live at The Honolulu International Center, Hawaii January 14, 1973",0,0.256,142.436
0.6859999999999999,0.289,0.441,349733,0.947,0,4qlUoygv6iU0qfohR6ipPU,0.0909,0.953,-10.72,Them Changes - Live,0,0.0482,124.255
0.438,0.942,0.483,160000,0.0744,0,2hbTwdxrqEfx2ohhIjethg,0.00618,0.111,-19.57,Trade Winds,0,0.0549,106.386
0.933,0.974,0.873,183507,0.358,0,2OUZkS5OA32Cba9WeoQPVM,0.853,0.108,-6.72,Cariñosa - Instrumental (Remasterizado),0,0.0798,110.536
0.109,0.838,0.1639999999999999,221026,0.0782,0,0g0mID8NSh5BUhyxGtawY1,0.838,0.122,-24.181,Reunion,0,0.0373,81.348
0.79,0.0699,0.654,194133,0.379,0,5QvJgyPxDHf8V2khZ0jTNJ,2.45e-06,0.114,-12.755999999999998,Unidos Para Siempre,1,0.0301,101.331
0.465,0.0519,0.565,358800,0.938,0,6vl7yccowSiasnVM2NJZrr,0.0,0.87,-5.176,Glorious,1,0.119,100.054
0.882,0.311,0.488,153122,0.851,0,7HDQqox0O0fTE7elQu4XxS,0.0,0.0891,-7.933,Tossin' and Turnin' - Stereo Version,0,0.0865,141.79399999999995
0.155,0.172,0.705,470093,0.403,0,6NDt5z8GKIHub37hBQ4x18,0.00201,0.615,-9.7,Tearing Me Up,1,0.0438,114.992
0.937,0.996,0.599,171493,0.37,0,1AT60kaz3ocVXEU6AWW6Yt,0.861,0.127,-16.527,El Rodeo - Remasterizado,0,0.278,154.049
0.448,0.944,0.713,367960,0.14,0,6LFAP6NDlAMsP4P8otDUm2,0.0001409999999999,0.112,-22.591,War Between the Crocodiles and Kantchil,0,0.923,105.552
0.521,0.996,0.552,177099,0.0217,0,1a2tQWo3vbDtvsHGuaAPzu,0.161,0.17,-16.123,Saudade,0,0.0712,71.654
0.511,0.631,0.6509999999999999,276987,0.655,0,0LtW3MVVagosqQYDq8ClZe,0.0,0.513,-8.104,1950,1,0.0337,92.468
0.764,0.942,0.8440000000000001,185562,0.411,0,19qW67qzwpBk6F7FdfgApS,0.000458,0.396,-9.415,Mashalen Jalti Suna Rahi Hain,0,0.183,90.228
0.888,0.232,0.604,239533,0.6609999999999999,0,2GZNbWCzsNT1wYiKxy915t,0.19,0.294,-11.416,Seeing Is Believing,1,0.029,108.994
0.366,0.892,0.705,197027,0.361,0,2boMZ4RRtZZZJmW4DVDphK,0.0,0.6809999999999999,-17.632,A New Bull,0,0.927,118.44
0.943,0.418,0.6829999999999999,153160,0.555,0,4jPFWqf6YARjJYiRUgT4FI,0.775,0.0907,-10.039,About Noon,0,0.0333,149.3
0.514,0.411,0.6679999999999999,215867,0.413,0,04MtNloymG8jeL7IWl18Wb,0.13,0.0953,-11.54,I'm No Stranger to the Rain,1,0.0239,88.12200000000001
0.482,0.996,0.355,208867,0.142,0,3EL14rDhC2QhZVDT7I2up0,0.444,0.459,-16.351,Sara Barash Dekhini Ma,0,0.069,72.507
0.542,0.8590000000000001,0.44,75293,0.404,0,269fZZuY39EtXT2rsoGd7y,0.36,0.228,-12.836,"Capriccio espagnol, Op. 34: I. Alborada",0,0.0399,123.597
0.0653,0.983,0.392,125107,0.148,0,5Ae091FBx68ZZ6JrCue7XI,0.851,0.0808,-22.274,#17,1,0.0305,120.877
0.517,0.675,0.6,291267,0.5820000000000001,0,7rKU3FzgxtTx9kW22b8s2i,0.229,0.448,-14.853,Rockin' in Rhythm,0,0.0984,96.864
0.0553,0.988,0.291,266667,0.206,0,0fuB1Hze4u3cHcFggoFHj7,0.000942,0.0904,-14.125,"Der fliegende Holländer, WWV 63 / Act 1: ""Mit Gewitter und Sturm aus fernem Meer""",0,0.0394,129.30700000000002
0.8590000000000001,0.155,0.67,224907,0.5329999999999999,0,2MlqOjaAQDf1j6r5MM7D1T,0.0,0.227,-13.456,Minnal Pole Aagum,0,0.032,99.893
0.199,0.97,0.598,198000,0.257,0,7hcrkBi3PEZAykJXE69J8I,0.904,0.154,-11.1,I Hadn't Anyone Till You (Take 2),0,0.0606,127.757
0.64,0.145,0.713,358160,0.359,0,1pBxBvlBU49udSc4FSRfe9,1.5e-06,0.127,-17.563,"Eine kurze Weltgeschichte für junge Leser: Von den Anfängen bis zum Mittelalter, Kapitel 3",0,0.936,126.639
0.203,0.774,0.422,295065,0.377,0,3stuliHpnexsTj6uXFJ5iI,0.0,0.108,-8.705,Restless,1,0.0267,135.97
0.43,0.6609999999999999,0.386,188227,0.211,0,0065cuMUHSwRCCzn4NeZQc,0.86,0.19,-15.453,By the Time I Get to Phoenix,0,0.0264,82.45100000000002
0.637,0.000172,0.581,192307,0.785,0,1jgsjNXHLMElIt4A4siEt8,0.00348,0.0889,-4.873,Away,1,0.0426,93.47
0.38,0.7659999999999999,0.364,396867,0.381,0,2jkeWgJJMfysQIlSqb1ab0,0.624,0.128,-11.562,The Mooche,0,0.0504,152.65200000000004
0.14,0.979,0.157,123587,0.257,0,2rCD3dfxWKLXS8LyScy6pQ,0.000133,0.0452,-12.166,"Madame Butterfly:""Addio, fiorito asil""",0,0.0408,172.155
0.575,0.127,0.7070000000000001,134240,0.955,0,78qd8dvwea0Gosb6Fe6j3k,0.0,0.202,-4.593,Boss Bitch,1,0.222,125.989
0.0735,0.982,0.211,183547,0.0999,0,6v57ZAkzlCSDZZ9dwzqnEt,0.00375,0.0842,-15.431,White Christmas,1,0.0338,80.589
0.617,0.784,0.602,180427,0.333,0,1iYULfwDSwsh4eQUkdSx3D,1.22e-06,0.127,-9.352,"Up and Down, Up and Down (I Will Lead Them Up and Down) [Puck]",0,0.0284,77.438
0.5870000000000001,0.081,0.742,280707,0.515,1,3gOBLrOvDovzHL4xBDQw0B,0.0,0.194,-6.265,O,1,0.0405,120.086
0.6679999999999999,0.189,0.425,145787,0.564,0,0MdOLWuA03yxFGM8UWmfdy,0.00055,0.4270000000000001,-7.968,Chauffeur Blues,0,0.0563,144.704
0.474,0.996,0.5660000000000001,186760,0.0702,0,3QwyDQNuORfL8JpQoMud0r,0.000535,0.764,-18.157,Amar Sesh Paranir Kari,0,0.0546,70.805
0.888,0.655,0.41,211787,0.4270000000000001,0,1WXEEP03cUcXYp96MxAO2M,1.33e-06,0.163,-11.083,Show and Tell - Rerecorded,1,0.0281,174.584
0.539,0.111,0.6679999999999999,201107,0.672,0,15DeqWWQB4dcEWzJg15VrN,0.0,0.329,-4.931,Our Song,1,0.0303,89.01100000000002
0.967,0.0333,0.506,110987,0.762,0,52A8QH0MF14J9gcJbN1tIt,0.69,0.211,-9.059,Susie Q,1,0.0345,80.84
0.151,0.99,0.336,192693,0.0579,0,1dnNiSxYitONrWZ8hWNYKU,6.22e-06,0.37,-20.469,How Deep Is The Ocean (How High Is The Sky),0,0.0507,79.473
0.562,0.0174,0.75,314280,0.906,1,069VGijrAsQVSY9ihFv1Px,0.0,0.0551,-5.0280000000000005,Best Friend,1,0.0477,135.96
0.813,0.0923,0.89,191191,0.723,0,6KC9RBNcIaXHHE18tdyq3h,1.04e-05,0.166,-6.129,Medley,1,0.112,97.983
0.6609999999999999,0.35,0.742,227800,0.6809999999999999,1,1tiWZCFQuekR0EVmxYUXh1,0.000431,0.102,-8.687000000000001,Dominant Species,1,0.385,87.605
0.276,0.151,0.4970000000000001,252280,0.8190000000000001,0,3yawCOFKiw8TVVdCubX4hu,0.0,0.108,-4.352,Would It Matter,1,0.0424,126.002
0.888,0.8809999999999999,0.6809999999999999,159933,0.274,0,3v5c1v4C021Op3n7aA6CCz,0.0,0.0844,-13.726,Je N'ai Pas Fait Ca Pour Ça Madame,0,0.0635,88.065
0.234,0.00088,0.594,209973,0.8809999999999999,0,1w78e0reuMtEfkeWcSsNlf,3.77e-05,0.438,-5.72,The Death Song,1,0.0849,110.032
0.248,0.975,0.502,271560,0.189,0,0DtIUDM41hOhp2k4ITpr6b,5.85e-06,0.144,-12.592,"Verdi : Un ballo in maschera : Act 1 - Quadro II ""Su, profetessa... Dì tu se fedele"" [Chorus, Oscar, Riccardo, Ulrica]",0,0.116,136.155
0.7120000000000001,0.675,0.8170000000000001,202000,0.216,0,21xRayzq2plVwcnONznLiy,0.19,0.0995,-16.691,Wish I Had Not Said That,1,0.0368,89.56200000000004
0.457,0.7120000000000001,0.615,248307,0.459,0,4EtULbS8K8zZ3apaEX36oI,0.00208,0.0887,-10.156,All I Really Want Is Love,1,0.0313,142.025
0.243,0.895,0.298,306533,0.221,0,153MCMeSF0xw7J35RMW0Tc,0.0025,0.3229999999999999,-16.505,"Porgy - Live at the Newport Jazz Festival, Newport, RI, June 30, 1960",0,0.0381,91.907
0.479,0.996,0.39,173333,0.0339,0,09i4TGxeYVOx8TgyGH7NfI,0.933,0.0601,-32.216,"Variations on a Waltz by Diabelli, Op. 120: Variation 24: Fughetta - Andante",0,0.0466,136.986
0.227,0.921,0.386,150760,0.118,0,4Epvw6WuSsE28tu9j27DCq,1.73e-06,0.96,-20.669,"I Loves You Porgy - Live At Carnegie Hall, New York, 1964",0,0.0467,118.147
0.278,0.872,0.458,165893,0.165,0,5K3sBoUun9hmLg6ts8QX9H,1.61e-06,0.0594,-12.906,It's Easy To Remember - Take 7,0,0.0352,136.115
0.618,0.758,0.518,189440,0.156,0,5iXj0h9IWFjlJ4l2f5fVKx,0.0,0.112,-17.752,A Love Song,0,0.0375,143.754
0.527,1.92e-05,0.439,234800,0.931,0,0mWiuXuLAJ3Brin3Or2x6v,1.21e-05,0.193,-2.59,Learn to Fly,1,0.0473,135.944
0.4970000000000001,0.184,0.5479999999999999,167576,0.75,1,2plFaDNZayLbtA9Ht1yCEo,0.0,0.422,-2.949,Yung God,1,0.53,192.159
0.901,0.34,0.679,111067,0.41,0,1smn3rqQVSdMebdcbe6cg2,0.000227,0.49,-10.927,Alabama Song (Whisky Bar),0,0.0469,170.925
0.362,0.324,0.5579999999999999,207813,0.618,0,3c7YHj31Z23VH5UYNm7WPL,0.0,0.341,-6.232,Grandpa,1,0.03,119.957
0.7240000000000001,0.7859999999999999,0.5579999999999999,128667,0.422,0,6g6IumW57HO2qaxZ2mt8Vo,0.0,0.218,-9.403,Just Blew In from the Windy City,0,0.203,201.582
0.8320000000000001,0.995,0.755,183000,0.3,0,5YKIvK0wqBf9Arx7dx5f3p,0.00679,0.101,-10.576,Consuelo - Remasterizado,0,0.0629,123.005
0.286,0.878,0.301,157667,0.247,0,0HtcDsdRZRUAfL6TBvKa0i,8.23e-06,0.234,-10.285,"Mountain High, Valley Low",0,0.0323,88.244
0.961,0.423,0.7909999999999999,192707,0.69,0,3BmdzlqylDMxTSFzQATiiO,1.73e-05,0.0383,-8.513,Worse Comes to Worst,0,0.0403,131.898
0.406,0.00464,0.916,249267,0.662,0,4Fkr6zTAxsXbG9kG8ISqos,0.00346,0.138,-16.404,Going Back To Cali,1,0.605,135.65
0.733,0.176,0.6920000000000001,213027,0.659,0,2OVMQDsuQLr555RcwZhjRx,7.23e-06,0.236,-12.037,When My Ship Comes In,0,0.0305,134.466
0.46,0.78,0.339,153093,0.307,0,7FUp68VPaL95XBkoCImWDZ,0.0,0.204,-12.203,Tell Me,0,0.0293,105.451
0.906,0.321,0.364,154893,0.6559999999999999,0,7vBT4N9qKLL4Y94vCsK2PG,3.04e-06,0.105,-6.006,El Polvorete,1,0.0479,175.43099999999995
0.526,0.8029999999999999,0.368,160880,0.7340000000000001,0,66an4cYaszN1PNdCWV8aOm,0.0,0.831,-12.621,Candidate - 2016 Remaster,1,0.0844,129.308
0.524,0.0446,0.47,267789,0.652,0,6MDLO5bi8mGexqSwF9KmpH,0.0635,0.311,-6.501,Lilly,1,0.0335,139.975
0.4970000000000001,0.995,0.695,122387,0.112,0,76tCeKvYUdj0ELWL6zndeJ,0.604,0.112,-21.494,No Me Escribas - Remasterizado,0,0.172,71.058
0.5579999999999999,0.463,0.551,252800,0.447,0,570KJytRkVHTIocq1qomWF,3.73e-06,0.189,-12.293,Special Lady,1,0.0401,84.175
0.975,0.211,0.669,206867,0.779,0,6xBUWSz8INNHO6wFYuPtQl,8.98e-05,0.132,-11.522,Queen Of Hearts,1,0.0533,169.47799999999995
0.925,0.0229,0.65,159867,0.897,0,58cDx1uTmaAaF2rqU0UrtF,0.0124,0.396,-7.3679999999999986,Shakin' All Over - Single Version,1,0.0377,123.833
0.609,0.61,0.7829999999999999,264000,0.498,0,0ALbTno07vq90jEOFcHCbd,0.00178,0.196,-10.446,Never Die Young,1,0.0305,123.89
0.438,0.366,0.529,204773,0.521,0,5U4zBRfVdqaL1kOULNtZ1T,0.0,0.296,-5.277,The Breakup Song,1,0.0378,173.688
0.219,0.672,0.403,396356,0.385,0,47LO5zrjx6ShMymLqp80ef,0.000339,0.211,-6.5070000000000014,Şühedâ Gövdesi Bir Baksana Dağlar Taşlar,0,0.0315,123.839
0.5870000000000001,0.995,0.511,143227,0.0299,0,6HyANrFbuu3k4KqaUDz5Pp,0.8859999999999999,0.0976,-25.465,El Sonambulo - Remasterizado,0,0.0785,74.344
0.7070000000000001,0.122,0.728,242747,0.669,0,3M0qHiwpoXUMffAS1CBB6M,0.0,0.129,-4.73,Wedding Dress,1,0.0346,133.961
0.8220000000000001,0.181,0.8370000000000001,199493,0.823,0,0TOfUc4AO3nk46xtVS1K4t,0.0,0.0737,-4.516,Santifica Tus Escapularios,1,0.158,91.923
0.0501,0.7979999999999999,0.301,62400,0.6990000000000001,0,2B7Ip5UezkdaW31SWujvI7,0.139,0.249,-11.915,Am I Going Crazy,1,0.0844,109.643
0.46,0.114,0.7609999999999999,174730,0.517,1,2rFsFjq0D9JAmc0APpCO6P,0.0,0.157,-6.916,Blastoff (feat. Juice Wrld & Trippie Redd),1,0.0927,147.912
0.662,0.256,0.477,139173,0.828,0,2UVOE5RJFc3Pd9dMA9U6kv,0.0,0.358,-12.959,"Fun, Fun, Fun",1,0.0569,152.27700000000004
0.7140000000000001,0.675,0.393,130907,0.426,0,7rfKb91at4tO36NRA9L3oK,0.0559,0.242,-11.377,Here Comes Santa Claus / March of the Toys,0,0.0338,115.62
0.29,0.105,0.52,273853,0.655,0,310d8Vawp5kYDYrGrrTAzl,0.00384,0.124,-6.519,King And Lionheart,1,0.0394,126.593
0.7170000000000001,0.994,0.521,191493,0.161,0,49TooE88ykEv6gALCDP2GN,0.873,0.194,-10.172,Algún día - Instrumental (Remasterizado),0,0.0868,165.015
0.6990000000000001,0.899,0.54,254467,0.328,0,170VLrbmWgUqW3Poy9qiEP,0.000199,0.178,-12.922,Steile me manoula sto pigadi,0,0.0377,111.264
0.718,0.0363,0.317,283360,0.833,0,2TMI7OxkIxE8HjNfFP1Y8r,0.00109,0.54,-6.8729999999999976,"Carry on Wayward Son - Live at Pine Knob, Clarkston, MI - July 1978",0,0.072,133.19299999999998
0.134,0.993,0.418,283707,0.172,0,2fXLyWQr92OQ6KHreOtyQO,0.932,0.379,-16.119,A Flower Is A Lovesome Thing,0,0.0328,75.241
0.26,0.967,0.218,203507,0.283,0,6SMbbPXKYIqOmmNulpuPSG,0.00257,0.122,-12.121,I'm a Fool to Want You,0,0.0436,82.385
0.643,0.918,0.5870000000000001,174800,0.605,0,4ws7NtvMTo5PhN6V4p097M,0.915,0.664,-11.263,Bumpy Weather Over Newark,0,0.243,85.552
0.583,0.887,0.469,268000,0.0953,0,4XZz1xBJrykuQbJG8qZ7zc,0.0,0.11,-20.662,Little Omie Wise,0,0.0361,75.24600000000002
0.108,0.992,0.258,490000,0.101,0,62UWa981fvj8tcgv92J8Bm,0.603,0.129,-19.604,"Sonate pour violon et piano No. 32 in B-Flat Major, K. 454: II. Andante",0,0.0447,93.776
0.899,0.286,0.623,255680,0.523,0,4M3IGu3TmSVtpTuhpu5EKw,0.0,0.0931,-11.427,Dos Mujeres un Camino,1,0.0398,173.63
0.93,0.976,0.6940000000000001,165933,0.32,0,4OyUjpKEX9k8Xc0d6fuSje,0.0,0.198,-12.57,Si Tu Veux Marguerite,0,0.145,127.098
0.227,0.908,0.351,301307,0.0407,0,6iUmixPxVD6SacLhATYace,6.67e-06,0.104,-22.393,What's New,0,0.0503,69.311
0.955,0.976,0.7759999999999999,185227,0.212,0,1wvf65y4bKpOfNKy7CDwOu,0.188,0.301,-12.379,Nani Teri Morni Ko,0,0.0451,94.024
0.405,0.42,0.701,265560,0.233,0,62FeH9Dsf41Id79c6tZ4qL,0.475,0.111,-16.424,One Love Stand,0,0.0461,128.78
0.174,0.979,0.36,232000,0.0294,0,72TcX0n4ilc0RD45du1jFa,0.8909999999999999,0.113,-26.897,4 Estaciones Portenas (pour guitare): N°.1 Primavera Porteña,1,0.058,129.178
0.336,0.613,0.429,242227,0.276,0,1arY39oUc54Nw831TgeT6w,0.000329,0.126,-17.17,Mountains of the Moon - 2001 Remaster,0,0.0301,137.74
0.102,0.989,0.575,205107,0.0401,0,2ywoWYAuYFgFG19zAfLRl7,0.917,0.128,-20.574,Medley: The Coventry Carol / God Rest Ye Merry Gentlemen,0,0.156,78.289
0.246,0.000888,0.395,241107,0.912,0,4POJUFV0qevJyeAX0j2mxR,0.0,0.227,-5.238,Heartless,1,0.062,175.157
0.894,0.138,0.723,285613,0.818,0,0yhwdmbgkKdE1plV8xWdrd,0.748,0.218,-5.9460000000000015,Crosseyed and Painless - 2005 Remaster,1,0.0366,135.122
0.535,0.278,0.873,199674,0.522,1,1kFQ2V8nH923JPFzMsNWxS,0.0,0.0919,-5.801,I Love Dom,1,0.0565,86.99799999999998
0.777,0.182,0.828,233360,0.792,1,024Q1MI4uaYHF6j2Q2ZYgF,0.0,0.281,-5.435,Overnight Celebrity,1,0.179,134.19899999999998
0.946,0.995,0.528,191147,0.313,0,23p5XjS2cccqNvO0rL4qnJ,0.879,0.12,-17.385,Ithela Na Moun Tseligkas,0,0.055,116.163
0.674,0.0621,0.8740000000000001,256867,0.716,1,0JRB0l3igltUQX1OmKyORy,1.39e-05,0.253,-5.859,Big Momma Thang,1,0.252,95.587
0.503,0.5589999999999999,0.493,230160,0.496,0,6XHl6AuLDJQLQ7p7r28pUK,0.0,0.117,-7.459,I Can't Do It Alone,1,0.359,178.88099999999997
0.106,0.992,0.429,132173,0.0807,0,5iHwcfA6j5ejgmNklaixgU,0.88,0.131,-20.228,"Préludes, Livre 2, L. 123: VI. Général Lavine - eccentric",0,0.0363,104.864
0.43,0.0838,0.476,364493,0.556,0,2GnVuaoKSkB6Xa07l1BBg8,1.59e-05,0.125,-10.586,N.I.B.,1,0.0646,103.122
0.204,0.916,0.217,815013,0.224,0,0iwZbKGWO5LaadsZQNjS0g,0.925,0.0841,-15.446,"Symphony No. 9 in D Minor, Op. 125 ""Choral"": I. Allegro ma non troppo, un poco maestoso",0,0.0365,81.729
0.816,0.394,0.401,149160,0.498,0,7odHgoLFi3GQ90E9PeraI3,0.0,0.13,-10.682,Son of a Preacher Man,1,0.0757,181.701
0.962,0.116,0.857,187160,0.713,1,2IIiBPARanRVcLDqIAbJkW,0.0,0.0855,-7.38,Pimpin',1,0.0488,130.012
0.288,0.000129,0.312,203827,0.98,0,5T8sMuNzpxsZlmOKFhGayj,0.000643,0.103,-3.362,The Impact Of Reason,1,0.0904,172.956
0.379,0.373,0.5579999999999999,476427,0.0455,0,0i0fQNszNT14DKcLPmfLmB,0.109,0.345,-24.522,Turnaround - Instrumental,0,0.057,129.687
0.394,0.606,0.447,343160,0.4,0,09IKRwPeAYjmX1iABuP6fn,1.25e-05,0.103,-11.111,Govinda Jai Jai,1,0.0277,86.271
0.8909999999999999,0.539,0.7,333227,0.693,0,5bccusEjEtnC5cDfWXQ8rf,4.62e-06,0.089,-6.877999999999999,Conciencia,1,0.0367,88.383
0.565,0.477,0.684,186133,0.721,0,63dsx4UMGHGjOOc7istUjc,0.0,0.0688,-9.475,Working My Way Back to You,1,0.0811,114.151
0.475,0.0198,0.482,405907,0.529,0,2dCKlQfMeSMBRbwjiGXn39,0.000502,0.215,-9.279,Money - 1981 re-recording,0,0.0611,125.391
0.142,0.508,0.385,312613,0.395,0,4FGpzz2ciXUCya6sW5M7qf,0.0,0.0961,-9.1,Apologies,1,0.0286,134.703
0.101,0.994,0.361,245992,0.149,0,0bmLkrO2wk68Z1WhPaOKPm,0.852,0.0953,-17.307000000000002,Percorriamo le spiagge vicine,0,0.0492,114.135
0.579,0.865,0.332,204199,0.397,0,0ghs86DscYzw8iawTNE6ih,0.00667,0.12,-11.445,Fantasia Espanhola,0,0.055,82.40799999999999
0.687,0.401,0.542,161053,0.6990000000000001,1,60VtX59NsRINDnObbDtH7G,0.0,0.105,-6.029,Dick In A Box,1,0.306,76.391
0.669,0.225,0.595,196800,0.902,0,1cJ0cJ7h00HviJTsLDmrsz,2.13e-05,0.0734,-8.482999999999999,Take It So Hard,1,0.0429,120.536
0.504,0.148,0.713,255013,0.521,0,2CEWW0uqHj7sJrXdfHwozn,0.000219,0.237,-11.038,Margaritaville (with Jimmy Buffett),1,0.0292,124.026
0.618,6.06e-05,0.451,194227,0.815,0,6ZxrUCaynLgKSUudACOTwj,0.0,0.27,-5.55,Cold,1,0.0368,147.974
0.959,0.904,0.573,210800,0.71,0,0B6RBLFwXxp4CqOJ02SqdT,0.000112,0.4,-9.749,Kashmir Ki Kali Hoon Main,0,0.125,85.416
0.292,0.0608,0.605,232560,0.158,0,5h5QKcwLeC2cg6EF2pMVUZ,0.00796,0.0971,-22.061,All We Ever Wanted Was Everything,1,0.0359,116.371
0.349,0.22,0.8140000000000001,220907,0.964,0,31l6t3Jq09uywRTVGbzant,1.77e-05,0.214,-7.5379999999999985,Know Your Rights - Remastered,1,0.0797,110.904
0.688,0.0167,0.8759999999999999,286400,0.606,1,1DLkcp909KGCHGx2sDAxSm,7.33e-06,0.114,-11.130999999999998,Nigga's Like Us,0,0.266,143.881
0.274,0.0814,0.615,248973,0.531,0,4tJqzoVBO6Iyq5l5JXkdJI,0.00989,0.1,-6.303,A Quiet Mind,1,0.0242,93.997
0.217,0.965,0.435,327546,0.11,0,2RC0clUJL2VummdCsxjHYD,0.472,0.0929,-22.693,Caprice No. 24 in A Minor - 1948,0,0.0587,133.02100000000002
0.863,0.807,0.743,142573,0.519,0,5O3GgXP1gyri6sdStU6TQW,0.00228,0.0611,-10.481,Swanee River Rock (Talkin' 'Bout That River),1,0.0685,97.763
0.485,0.805,0.643,275972,0.187,0,3TUb7DegTD5RIi9KaFzXEv,2.55e-06,0.291,-19.662,"Das ist bei uns nicht möglich, Kapitel 65",0,0.964,88.426
0.7290000000000001,0.475,0.938,256000,0.614,0,4cKNAfFzbY6HCvU4dGwKvJ,0.000134,0.0751,-3.292,El Alchohol,1,0.0373,124.964
0.518,0.6859999999999999,0.416,143000,0.178,0,6lqeT7Na2noWJf6eLOnCkX,0.0,0.276,-15.082,Christmas Carousel,0,0.031,155.533
0.664,0.994,0.389,217787,0.25,0,25DPPYxLPyq2zyIC8RiC7e,0.893,0.146,-13.762,O tsitsimpidas,0,0.0435,97.109
0.8690000000000001,0.589,0.329,65093,0.4370000000000001,0,2HcM96Ijv4T6kT5PaYRlEm,0.0188,0.153,-12.598,"The Nutcracker, Op. 71: No. 12, Divertissement: Trepak - Russian Dance",0,0.0369,82.304
0.7659999999999999,0.993,0.494,195773,0.375,0,4o0lewHXKQIFxozUmdRbQb,0.176,0.16,-10.885,Koui koui atale,0,0.0465,80.226
0.236,0.156,0.439,185120,0.8859999999999999,0,3fV1eQ8KNKGF18SYY6UYIr,0.0,0.172,-6.393,(Take These) Chains,1,0.0614,129.33
0.8740000000000001,0.428,0.7020000000000001,278667,0.528,0,7hwgDN3W4AXkJK2eiRvNYg,6.1e-05,0.0932,-14.782,Let's Talk Story,1,0.0373,95.056
0.209,0.979,0.299,204067,0.2,0,1TWUUEfobDIXDX6jHmMVot,1.18e-06,0.314,-11.317,往事如煙,0,0.0311,93.801
0.8340000000000001,0.0183,0.7340000000000001,213531,0.73,0,0cHircZQcIR3ZkVsuHPgb6,3.46e-05,0.107,-5.834,Bomba Para Afincar,1,0.254,196.161
0.629,0.809,0.522,268227,0.434,0,4y2lE9LIfJIgdtCqRBkOGA,9.74e-06,0.966,-12.207,Willkommen,0,0.231,83.235
0.28,0.779,0.271,174267,0.0836,0,6juktb95EVX4QqHQBwTHOU,0.168,0.116,-18.644,Because,1,0.0347,143.947
0.49,0.8640000000000001,0.185,158827,0.3,0,3wDijUmWdwFs3riq76HQcr,5.35e-06,0.544,-9.849,Adeste Fideles,0,0.0291,87.154
0.0385,0.994,0.35,925640,0.0879,0,6gfXtfyuTLU3C2fM4P00iu,0.922,0.0864,-18.79,"Sonate pour piano No. 30 in E Major, Op. 109: III. Gesangvoll, mit innigster Empfindung (Andante molto cantabile ed espressivo)",0,0.0543,75.523
0.13,0.897,0.268,131427,0.0846,0,0gYjuborvaxDLVDUke3GIg,0.000256,0.0975,-14.531,Whither Thou Goest,0,0.0325,84.75299999999999
0.351,0.00837,0.509,225188,0.871,0,68x16tb33FQdWyiOaZYteP,0.0,0.124,-5.855,There Is Power,1,0.0519,80.008
0.6679999999999999,0.147,0.525,192028,0.635,0,6jvqaaUtBmcnxQnf5XKzFo,0.000114,0.122,-7.805,Windows,1,0.0239,82.445
0.643,8.18e-05,0.446,279000,0.904,0,0QjvWqhZbpkDhV5pjkkv6P,0.000712,0.0656,-5.867999999999999,Piece Of Your Action,1,0.046,133.759
0.376,0.7929999999999999,0.669,147267,0.262,0,4KQR6G4lhP8lOIzGm0Vfm3,5.320000000000001e-05,0.107,-10.086,Standard Lines,1,0.0323,96.995
0.561,0.143,0.723,221421,0.602,0,5yECq6R2S2iTV8GTxen4JV,0.000607,0.299,-10.573,Sleepless - Radio Edit,1,0.0451,124.006
0.0949,0.899,0.288,316200,0.214,0,4nnfVtlchqAkxYSZzcQIYY,0.0424,0.0755,-16.417,"Vivaldi: Violin Concerto in G Minor, RV 315 ""L'estate"" (No. 2 from ""Il cimento dell'armonia e dell'inventione"", Op. 8): I. Allegro",0,0.0419,135.721
0.895,0.000588,0.611,179467,0.882,0,3b9Cpi8jW9jNoyx72QbfRO,0.926,0.397,-3.18,Never Can Say Goodbye - Single Version,1,0.028,125.681
0.429,0.0574,0.7829999999999999,268667,0.608,1,6MMuI4k4Vs5ghtDH5i2hBg,0.0,0.102,-5.742000000000001,One Mic,1,0.361,91.672
0.868,0.579,0.645,180867,0.653,0,3cU7TRRcphb5iziZ7t5X5A,0.0,0.0726,-7.183,Mi gran noche,1,0.0629,138.498
0.393,0.994,0.283,588907,0.223,0,2daAVzNypDn2JdecsrqjAK,0.911,0.136,-20.494,"Overture in the French Style, BWV 831: I. Ouverture",0,0.0605,88.331
0.925,0.0272,0.624,289733,0.889,0,4M6ZDQyJfnStlal4p33vYH,0.00117,0.365,-12.829,Sweat,0,0.0364,126.644
0.7390000000000001,0.015,0.617,312227,0.649,0,1BjWRLxcpNwVnjYWzhOTIF,0.0321,0.095,-6.113,Useless - 2007 Remaster,1,0.0235,94.144
0.898,0.835,0.565,117120,0.422,0,40vi8ovjcp3DCykNBl1jrf,0.0094,0.139,-8.344,Here We Come A-Caroling,0,0.0323,93.649
0.872,0.336,0.8440000000000001,194613,0.395,0,67rg2h75CheOuDeOJOdXtW,0.264,0.108,-11.151,Easin' In,1,0.145,86.969
0.947,0.183,0.648,227133,0.562,0,0ypyIQO9bJyIb9Z0WUFGNo,0.0,0.0658,-12.004,País Tropical,1,0.0788,80.658
0.1369999999999999,0.964,0.297,380907,0.0119,0,6WXGL5j893yeubImvforw5,0.931,0.0978,-29.559,Maybe September,0,0.0412,86.824
0.7340000000000001,0.628,0.467,343000,0.546,0,04YjZJmnlyYgtv7t1McESD,0.506,0.189,-7.808,With Apologies To Oscar,0,0.0396,142.998
0.632,6.07e-05,0.452,261040,0.954,1,0rzFlOXHVVmL8CvXPL0Fb3,0.333,0.0986,-4.994,High Speed Dirt,1,0.0943,185.32
0.65,0.759,0.589,182760,0.601,0,47WKJe9KdsfptdobdAL06V,0.229,0.0739,-6.596,Skyliner,0,0.0376,108.546
0.396,0.721,0.6729999999999999,222493,0.346,0,2lCGAGpqgQIolNfpnycIZk,4.48e-06,0.0475,-12.803,When You Say Nothing at All,1,0.0245,80.012
0.535,0.347,0.645,251489,0.795,0,4RvWPyQ5RL0ao9LPZeSouE,0.00389,0.104,-12.095,Everybody Wants To Rule The World,1,0.0527,112.067
0.8909999999999999,0.0113,0.529,224733,0.675,0,6OHhevZRzNvkNYhCJ8RLyi,0.0001409999999999,0.391,-12.217,Change Of Heart,0,0.0426,129.451
0.94,0.8809999999999999,0.654,404467,0.45,0,2hkKg8fe54GVl7JER2cRk3,0.12,0.0928,-15.615,Werente Serigne,1,0.037,94.28
0.123,0.978,0.256,515253,0.118,0,5V33eVMy1NynZuCxcdIC8i,0.887,0.0533,-20.179,"Scherzo No. 1 in B Minor, Op. 20",0,0.0405,79.325
0.542,0.662,0.29,164000,0.408,0,1Gv8dvKmkHVaB1edYvW0Fr,0.0,0.272,-9.607,Puppy Love - Remix,1,0.0318,102.229
0.727,0.7859999999999999,0.5820000000000001,272253,0.662,0,6dlLkD6H0L72KPZVsQgVhV,0.00042,0.35,-7.221,Lo Atará la Arache,0,0.0448,100.092
0.78,0.631,0.3670000000000001,226827,0.65,0,2QE9xrU65Es1YwNtp1Sc9e,0.0,0.113,-4.848,Stoned Soul Picnic,0,0.0461,175.137
0.948,0.168,0.746,259240,0.585,0,37kCg5izHEMZ66xGdMVG5L,0.0,0.264,-5.937,Oye Mujer,1,0.0491,182.018
0.736,0.0558,0.411,243720,0.818,0,5YAG3S6umiMK2PE4phCUnh,0.359,0.151,-5.24,Maudie,0,0.0391,61.524
0.501,0.0948,0.54,190307,0.6970000000000001,1,3hwwIr2pcL2IWBpEUj5Hya,0.0,0.436,-4.912,Window Shopper,1,0.181,174.31099999999995
0.7240000000000001,0.285,0.456,214320,0.728,0,7hEbLvHSHpmMZXuuw2nmmH,0.0,0.0343,-3.725,Uncharted,1,0.0435,203.962
0.26,0.245,0.355,227720,0.55,0,5ksoJlQJtduEkwQTo7UN7X,3.2e-05,0.0979,-5.772,Cowboys and Angels,1,0.0285,73.842
0.0574,0.938,0.285,252373,0.0492,0,4NnoL0PM9RNmyaJCnHzrlL,0.0182,0.237,-21.25,"Beethoven: Piano Concerto No. 4 in G Major, Op. 58: II. Andante con moto",0,0.0404,78.5
0.962,0.877,0.721,240813,0.595,0,0SrJKLmxC624x3r9j2O374,0.918,0.103,-13.564,The Ecstasy Of Dancing Fleas - 2008 Digital Remaster,1,0.0513,90.557
0.8540000000000001,0.00827,0.246,225027,0.833,0,4feBtaGPcIlQ3cOAhUjCOo,2.97e-05,0.0708,-4.545,Whadda You Want From Me - Remastered,0,0.0617,171.72799999999995
0.101,0.958,0.573,442280,0.0954,0,6Y9FGnmx9PXsmgLs02UirG,0.388,0.231,-21.81900000000001,Strange Meadow Lark,1,0.0454,125.451
0.568,0.852,0.328,131560,0.0434,0,00nbwPLUxdQGahBbvYZng2,0.00113,0.318,-23.914,Carnival of the Animals: IV. Tortoises,0,0.0463,82.265
0.802,0.108,0.875,366027,0.463,1,2SfCvAjoxwG9mySiYI2W9X,0.0,0.0473,-17.227,Cheeba Cheeba,1,0.155,90.379
0.696,0.208,0.586,401334,0.384,0,4hreuoKJi3sBdtQD3gfzh5,0.443,0.239,-13.231,Destination,1,0.0331,128.611
0.221,0.0294,0.654,200107,0.655,0,6xsEAm6w9oMQYYg3jkEkMT,0.0,0.139,-7.388,Bad Blood,1,0.106,170.16
0.217,0.7340000000000001,0.351,439080,0.254,0,23wNRzJDypgGIYvTMOe8bJ,0.763,0.195,-16.654,"Violin Concerto in D Major, Op. 77: III. Allegro giocoso, ma non troppo vivace",0,0.0424,98.147
0.354,0.8059999999999999,0.289,299733,0.11,0,0qij2rtvShTEfQfJq7hxmC,1.57e-06,0.118,-21.771,Little Green Apples,0,0.0335,135.983
0.298,0.986,0.29,129400,0.454,0,0skW4wCQKtHs06qZlmmxoj,0.00319,0.218,-14.258,Me t'aidonia,0,0.115,85.031
0.211,0.982,0.519,170733,0.245,0,0C4zdqs5IyXr3SWLf8YAVN,0.597,0.0437,-15.196,Musica Poetica I (Highlights): Gassenhauer,0,0.0454,70.483
0.477,0.0326,0.691,258293,0.732,0,4objxuNfJlJHomkRIPa2Y2,0.0,0.0608,-3.715,Drinking Alone,1,0.0294,97.949
0.622,0.5539999999999999,0.442,453200,0.356,0,6EIcGrSIP8ZLnokgBeY3UP,0.00369,0.0933,-14.767,Night And Day,1,0.0541,83.664
0.285,0.6409999999999999,0.276,237467,0.5720000000000001,0,0tzixmHNQfE6S6SirSToxW,0.0,0.2,-7.818,El Ultimo Adiós - Varios Artistas Version,1,0.0377,77.986
0.397,0.0901,0.693,278800,0.88,1,7aXXjA800sXYKpM8D9pCVT,0.0,0.211,-3.228,Tell Me,1,0.0661,88.088
0.156,0.994,0.309,246840,0.0947,0,4zI4RAAvEA4nOTOP8I7OGu,0.877,0.066,-20.013,"Nocturne in E Minor No. 19, Op. 72, No. 1",0,0.0369,98.011
0.358,0.85,0.263,193467,0.219,0,64k1nvy9Uaoe8ikZOOkHcp,0.0,0.501,-15.586,Bali Ha'l (Bonus Track),0,0.036,168.047
0.6829999999999999,0.44,0.561,219480,0.687,0,3ghgwo0BTPm329zGMQRfn7,1.98e-05,0.144,-5.755,I Feel It All,1,0.0466,172.046
0.606,0.311,0.721,95500,0.171,0,1KzgQbKDEJypG6rV79AcbF,0.0,0.381,-22.768,Chapter 2.11 - Dziewczynka z Luna Parku: Część 2,0,0.914,86.759
0.428,0.0011,0.7609999999999999,215800,0.541,0,1foblVZ1Kr2vz7212SMNZB,5.2e-05,0.122,-7.064,Casa Dega,0,0.0503,116.802
0.478,0.172,0.352,181055,0.629,0,3zaOnVMW0V77NmxItFWusf,0.0029,0.275,-7.419,El Alma en los Labios,0,0.0756,118.921
0.685,0.982,0.685,201321,0.329,0,542SgCp2Nyd2C0sHRZPVVg,0.00283,0.125,-10.949000000000002,Ae Dilwale Hans Le Gaa Le,0,0.385,130.821
0.889,0.0444,0.7,249467,0.758,1,3DAnL5uiU1Kh6an43EsU4x,1.3e-05,0.0401,-3.012,P.I.M.P.,1,0.342,78.693
0.3,0.0122,0.504,385667,0.779,0,2Cq2BrkoxqMvP3hcJHWNga,0.0005009999999999,0.0925,-5.48,Silvia,1,0.0402,119.985
0.7070000000000001,0.758,0.706,176307,0.687,0,76tsdEV8m4vx0T5anJdslZ,0.000172,0.312,-13.005999999999998,Crispy Critters,1,0.284,112.64
0.8640000000000001,0.049,0.789,272960,0.8490000000000001,0,6V9CqF8Y46hwzkvfA35m7D,7.3e-05,0.26,-14.977,Undercover,0,0.0506,126.883
0.215,0.754,0.43,228484,0.416,0,2IDsiNxqc0wP9C0AZ8Cm4K,0.0,0.0896,-8.552,Christmas Song,0,0.037,121.83
0.225,0.0534,0.563,291027,0.413,0,47vFyxAv24QxAOfdMuE3oV,0.7170000000000001,0.141,-12.589,Nara (Theme to Cold Case),1,0.0268,149.997
0.637,0.00544,0.623,160520,0.82,0,00NNd1BFzQQzZe4UcvZIzB,0.000208,0.14,-6.8420000000000005,Pints of Guinness Make You Strong,1,0.0499,128.35
0.297,0.743,0.6990000000000001,130200,0.192,1,57DOyUUluusnBzS5yK6524,0.0,0.107,-18.631,Часть 5.3 - Обратный путь,0,0.956,135.389
0.778,0.5489999999999999,0.605,199573,0.444,0,0SlBCbQtgfWBVkSEXcWaIA,0.0141,0.131,-10.987,Watermelon Man,0,0.032,129.033
0.923,0.271,0.664,330213,0.529,0,3EhM8CVxZwctj3eqiIBhax,0.00363,0.0882,-11.385,See Me,0,0.0403,102.067
0.556,0.946,0.691,195520,0.243,0,3kdwWZBB2sOQ4vGDT53Din,0.903,0.092,-14.272,Bullfrog Moan,0,0.0676,123.777
0.938,0.0818,0.61,290667,0.7909999999999999,0,3LxMs3DBirmev8OFkSNuBA,0.0,0.0847,-10.918,Never Never Gonna Give Ya Up,1,0.101,85.338
0.358,0.0128,0.5,275040,0.851,0,2TlXPShOrPn4K51fP0Fykd,0.00698,0.136,-6.027,Where The Streets Have No Name,1,0.038,125.599
0.867,0.105,0.843,250653,0.43,0,0gxWRx8t7WZGCj53HVGpmI,4.91e-06,0.035,-9.734,My Sensitivity (Gets in the Way),0,0.231,102.898
0.5379999999999999,0.000428,0.7,358125,0.83,0,54f0ELvqmQiN9jhOttBoYY,0.732,0.0507,-5.162000000000001,Love The Way You Lie - Original Mix,0,0.0431,127.998
0.7,0.625,0.382,286613,0.325,0,20i32tv9LE6MPxt4iKvWI8,5.85e-06,0.191,-10.431,Wish I Could,0,0.0286,176.65099999999995
0.8270000000000001,0.0355,0.784,206160,0.546,0,66TbFEVUswHulatenFGicw,0.000247,0.0756,-6.195,Island Feeling,1,0.0529,147.457
0.922,0.000148,0.47,215427,0.93,0,0EZfYGI2JDK9a8HJpBw2Ua,0.0781,0.0497,-7.387,Still Ill - John Peel Session 14/09/83,1,0.0511,165.483
0.514,0.784,0.5479999999999999,178774,0.211,0,6N1ufH5NNP5yQaNF1fZwq9,0.0,0.271,-12.549,Moody's Mood for Love,1,0.0521,104.944
0.603,0.992,0.529,155973,0.147,0,2mhN0QMGWIhc93GacLiadb,0.000129,0.129,-17.544,Por Qué No Me Besas - Remasterizado,0,0.214,203.812
0.16,0.944,0.633,186867,0.0108,0,5XQPG71jyDTIjDrgBTrNgY,0.195,0.194,-21.35,Sonatas and Interludes for Prepared Piano: Sonata I,0,0.163,135.519
0.229,0.873,0.327,667909,0.174,0,1cFuvg3ZSF7mOqqgNPhmKB,0.305,0.128,-17.448,"Violin Concerto, Op. 53: III. Allegro giocoso, ma non troppo",0,0.0454,81.822
0.745,0.952,0.7190000000000001,183440,0.209,0,2Fqphno2uueRloqhs9nvpH,0.000352,0.0651,-11.08,If My Heart Could Only Talk,0,0.0491,110.53
0.52,0.804,0.684,171800,0.239,0,1pvEJZyOouTLeMibeqRw0o,0.0,0.68,-21.143,"Le peintre, la pomme & Picasso - Récital au Théâtre de L'etoile",0,0.845,137.792
0.828,0.916,0.5870000000000001,185413,0.608,0,0ZQr4YqKkl1td0q7UnELhj,0.00111,0.0865,-13.692,Gia mia ksanthoula,0,0.0321,107.884
0.594,0.892,0.378,214667,0.286,0,5Q0LOi7lmEVjpSp0nNGwX6,0.0,0.224,-9.198,In Case,1,0.0616,177.497
0.357,0.995,0.7020000000000001,52733,0.08,0,7g6dpCXdpkOmc6zIH81YoD,0.0127,0.248,-19.316,She Called Pest Control,0,0.6759999999999999,80.524
0.545,0.74,0.637,233000,0.659,0,1CKIgidUyOu2MjDwcd4xVd,0.0,0.227,-6.964,Best Friend,1,0.0409,102.029
0.687,0.973,0.423,234240,0.0948,0,0w9xYEvm1nd4S9v04zftup,0.858,0.187,-22.659,"Cello Suite No. 6 in D Major, BWV 1012: VI. Gigue",1,0.0464,70.596
0.399,0.0424,0.435,274286,0.727,0,2c4s8OFu1IkIDdNA953M03,4.6e-06,0.105,-6.968999999999999,Frame of Mind,1,0.0611,174.99200000000005
0.831,0.799,0.595,239961,0.474,0,5M0dI0I0TWL6phor6AXxBc,0.106,0.29,-10.912,Για δες με,0,0.0364,109.136
0.0171,0.00985,0.191,59933,0.884,0,5vMr5fkLJIk7u0hqQKcI2f,0.843,0.412,-24.609,Applause; Setting Up & Tuning Up for BG Small Groups - Live,0,0.486,79.205
0.799,0.991,0.708,199915,0.238,0,40pWnkmHtQqDIysW9nAtRZ,0.000146,0.168,-14.033,Julie Ann Johnson,0,0.36,111.112
0.5720000000000001,0.1689999999999999,0.333,277133,0.595,0,0FFdCFGfmtqVaHTBYXybkx,9.59e-05,0.0965,-12.383,The Grand Illusion,1,0.0363,94.617
0.357,0.445,0.324,462373,0.47,0,7jT4VWw39yoEMDnL9Dc31n,0.229,0.903,-14.555,Still in Love with You - Live,0,0.044,136.21
0.33,0.774,0.243,176680,0.281,0,3QjizcBW8Cc9AAONNhykSy,0.0,0.249,-16.865,Jesus Name Above All Names,1,0.0336,111.473
0.0383,0.97,0.248,134255,0.161,0,6aalFaWhCgp6M2vhEOT6G8,0.74,0.299,-12.723,Tyaj Sab Maya,0,0.0507,70.785
0.738,0.284,0.722,217827,0.595,0,751gBcu62kORDelX7FV0mM,0.000538,0.0694,-9.928,Thank You,1,0.0415,79.98
0.522,0.32,0.633,228173,0.764,1,0B8drtTSp68pZdkmVrG9ZA,3.4e-06,0.234,-7.2120000000000015,Twinz (Deep Cover 98) (feat. Fat Joe),1,0.3229999999999999,94.971
0.777,0.0192,0.5670000000000001,288560,0.6779999999999999,1,0JSCZdPOPR7d8Mfi09tIxU,1.61e-06,0.113,-8.442,Bitches Ain't Shit,1,0.209,90.862
0.61,4e-05,0.393,219382,0.959,0,1uDhHTNIBF5BJQWTjKnCoa,0.000569,0.1,-4.343,Celebration Song,1,0.108,185.226
0.487,0.994,0.393,189067,0.256,0,2eA0oHOsArcA8ivPpx2FRZ,0.8,0.108,-12.278,Ta Tsagarakia,0,0.0462,135.007
0.504,0.421,0.5589999999999999,209453,0.835,0,4jZWeEaLCnwYtLnVEN6BYV,0.0,0.0811,-4.475,Blue Jeans,1,0.0633,117.885
0.897,0.703,0.556,187873,0.428,0,4klHnTlJx4qSUXm3kS2cNS,0.905,0.698,-9.822,La Bejarana - Remastered,0,0.0317,126.829
0.5589999999999999,0.91,0.604,179360,0.152,0,3VVxaRsFAYNCMmhiXviLtt,0.0,0.0865,-11.339,Ain't Misbehavin' - alternate take,0,0.0519,110.597
0.1669999999999999,0.843,0.24,177907,0.293,0,1vi4nbwleBLDne3cnnH95r,0.795,0.102,-10.409,I Remember When - 45rpm Issue,0,0.0346,97.865
0.335,0.331,0.741,285597,0.5,1,1q716FaopdAR7BTEt92Bll,0.0,0.277,-9.525,20 Min - Chopped and Screwed,1,0.136,96.273
0.339,0.317,0.575,226220,0.609,1,7E2C5rBLpCKwQlhJPVFBRS,0.0,0.105,-4.88,You’re Mines Still (feat. Drake),1,0.121,83.00399999999998
0.237,0.938,0.293,347093,0.0557,0,2OQOYULLeWnGzlGcXQMGLv,0.00109,0.108,-21.031,Still,1,0.0341,88.274
0.809,0.1689999999999999,0.7040000000000001,223960,0.843,0,5NHlaktoUHGDXx0JyOS5Qy,1.18e-06,0.0972,-5.231,Dejame Entrar,1,0.0323,91.987
0.629,0.233,0.903,269000,0.529,1,0SLcCaYtP6ahHoiJ11K04n,0.0,0.129,-3.615,Long Hair,1,0.406,91.113
0.521,0.986,0.423,63813,0.331,0,1ZDNuNZeujNmejZxJiLFOk,0.904,0.193,-15.47,"24 Préludes, Op. 28: Prélude No. 16 in B-Flat Minor",0,0.0411,74.089
0.0981,0.993,0.45,415227,0.0255,0,1Sz6J12IGzuQBFFEmctjRf,0.931,0.129,-21.768,"Piano Sonata No. 17 in D Minor, Op. 31 No. 2 ""Tempest"": II. Adagio",0,0.0393,98.692
0.5770000000000001,0.949,0.728,234173,0.194,0,5Jq9fnBNnsSH3HBzQminvU,0.892,0.128,-16.874000000000002,"Water Music Suite No. 2 in D Major, HWV 349: II. Alla Hornpipe",0,0.0425,120.304
0.701,0.995,0.509,192827,0.0428,0,6SbRhVLsGolVw3zigChT9N,0.916,0.108,-18.543,Prem Nagar Ki Aur Chale Hai,0,0.0681,68.447
0.362,0.455,0.595,256653,0.366,0,1zMfsMdwkSLvuqcCVEZGlT,0.000486,0.11,-11.848,Long Time Gone - 2005 Remaster,1,0.0346,106.602
0.499,0.000817,0.54,192213,0.959,0,1TTOAw90zzNWKnUgzzcvZW,0.0,0.376,-3.775,Pitiful,1,0.0452,131.83
0.542,0.0101,0.721,221427,0.723,1,0JyfYLKuXRmPhMkIPVstu5,0.00108,0.4,-4.428999999999999,I'm Not a Player,1,0.239,94.744
0.496,0.735,0.621,223507,0.4,0,0v73V7VuLgopjjCQJOoiwr,0.0,0.335,-10.87,Vito Dumas Habla al Pueblo de Su Patria - Remasterizado,0,0.414,112.626
0.7759999999999999,0.0103,0.447,188093,0.8,0,7pMyq97F6UAqKnc2P9e425,0.000222,0.5670000000000001,-9.427,32 Pennies,1,0.0476,168.396
0.273,0.476,0.621,291240,0.39,0,24T4tQrptnzQKvwQt38VZF,0.408,0.134,-16.109,Angela,0,0.0315,98.292
0.463,0.562,0.718,162867,0.3229999999999999,0,4j2W1eM03mz5MVN5LvR7VH,1.09e-06,0.0827,-15.533,These Boots Are Made for Walkin',1,0.0601,82.71700000000001
0.873,0.573,0.631,269680,0.741,0,54L5M90J1LTblYxrlzkuwC,0.0,0.271,-6.135,El Alma de Las Fiestas,0,0.031,110.678
0.685,0.593,0.506,438400,0.409,0,7I93wmouOAygQlUnssVW8Y,0.113,0.731,-18.781,Take Five - previously unreleased,1,0.045,108.044
0.357,0.754,0.529,187093,0.322,0,3PIgCs7LrNd0V0Ikt815GI,8.46e-05,0.908,-14.880999999999998,"Dark as a Dungeon - Live at Folsom State Prison, Folsom, CA (1st Show) - January 1968",0,0.142,111.216
0.593,0.00114,0.68,175427,0.851,0,0KFkeq7DYdj5OT8vMML6il,0.00193,0.308,-7.665,Ta fête,1,0.12,127.954
0.897,0.87,0.828,100573,0.506,0,6PxC0ilHOSZGO6ASrktNv4,0.0,0.318,-10.297,My Son John,1,0.485,113.77
0.921,0.8390000000000001,0.7909999999999999,156333,0.316,0,3qh1xOZn3rsSvnNeBsoqIc,0.00014,0.228,-12.161,I'm Hans Christian Andersen,0,0.0606,111.224
0.737,0.992,0.742,165320,0.0918,0,67ulfy7DeiVtuWiXS1u4VL,0.946,0.104,-17.708,Perdonala Corazón - Instrumental (Remasterizado),0,0.238,117.229
0.742,0.743,0.715,254267,0.358,0,5omgFpiMt1CGHjQGfkwzvz,0.0133,0.104,-15.522,Agua,1,0.033,145.751
0.883,0.506,0.6679999999999999,157222,0.482,0,64CTAgFa5LGhn01J7yA7ij,1.59e-06,0.221,-7.869,El Viejo Joven,1,0.138,145.47299999999996
0.545,0.247,0.659,169133,0.464,0,7MfznH0BCJBzGnQWdwwRGj,0.0,0.0839,-9.775,You Ain't Livin' Till You're Lovin',0,0.0692,106.712
0.42,0.557,0.447,279040,0.578,0,7rlNIalRVbyM76fUXCfXg3,0.0,0.0968,-5.1770000000000005,Escucha a tu corazón,1,0.0321,84.694
0.435,0.0314,0.443,211307,0.634,0,0W0w5YP7Sy6nvSJV5DKfD8,0.358,0.33,-12.677,Beef Jerky - Remastered 2010,0,0.079,115.003
0.922,0.173,0.889,199000,0.541,0,6mO7K7UBgI1aQMMgBYir7m,1.49e-05,0.0379,-12.344,Walk Away from Love,0,0.0377,119.101
0.544,0.512,0.635,172153,0.49,0,2FVNgYIknzYurB6nSTbrzE,2.18e-06,0.0709,-6.919,Cuando Seamos Novios,1,0.0287,119.766
0.391,0.711,0.524,208933,0.319,0,5jmpn0ls7fYuxzYlzrr3dL,0.00204,0.102,-11.82,What's Going On In Your World,0,0.025,81.547
0.404,0.8690000000000001,0.412,204013,0.302,0,0utz8bVqEnwV1Dt6Na2YZj,0.0231,0.581,-14.369000000000002,Nana,0,0.0486,127.041
0.486,3.73e-05,0.56,206173,0.815,0,4h2H1twBzEuQygHdl60U5g,0.67,0.0521,-13.169,En Melody,1,0.0566,105.632
0.256,0.779,0.192,228213,0.165,0,2rbsO0aQrWJrU86GzMozK9,0.00267,0.178,-18.655,"The Art of the Fugue, BWV 1080: Contrapunctus VII à 4 per augmentationem et diminutionem - Excerpts",0,0.0357,136.704
0.47,0.878,0.505,512106,0.268,0,1RbjCI9KYt7kDNmlcDprdO,0.0102,0.1689999999999999,-12.630999999999998,Reincarnation of a Lovebird,0,0.0422,78.08800000000002
0.664,0.996,0.541,250747,0.283,0,0POO8XaUgW5Qjbv9sbDy8W,0.898,0.393,-14.808,Rákóczy March,0,0.0477,108.986
0.755,0.989,0.6859999999999999,187000,0.205,0,5GsD3lFY9XGTprB8n8UpgF,0.000172,0.247,-11.098,Suavemente - Remasterizado,0,0.0545,145.532
0.83,0.325,0.645,196821,0.546,0,5lz39YrMDggNXEDccHfLEF,9.88e-06,0.0743,-5.1720000000000015,Corrido De El Quemador,0,0.068,188.223
0.8390000000000001,0.00012,0.737,174400,0.7090000000000001,0,1ZyQEn0iceHj0Lbt6I6Op3,0.00294,0.199,-5.744,Wild Reputation,1,0.0337,108.016
0.7959999999999999,0.0028,0.6859999999999999,211000,0.915,0,594M0rqYMOo8BhMGEdoi5C,7.16e-06,0.233,-4.447,Tearin' up My Heart - Radio Edit,1,0.0364,110.054
0.248,0.889,0.51,222261,0.0999,0,2mhzM6uC4jA92K7XeDJTVo,0.0,0.295,-17.855,La Veuve,0,0.214,173.672
0.687,0.283,0.8740000000000001,230227,0.64,1,1SgENhaSaWJ9OWci6zRAvD,2e-06,0.1369999999999999,-4.083,The Uppercut,1,0.306,80.991
0.885,0.94,0.382,180547,0.362,0,0LbpPA8pFXpSHT0zrw8ah5,0.0738,0.0836,-13.169,Happy Flying Carpet,0,0.0349,184.877
0.255,0.122,0.448,190320,0.909,1,3ojBGxHAH27JDsLK6Q6nLD,3.01e-05,0.166,-4.521,Double Team,1,0.247,97.177
0.7340000000000001,0.79,0.7559999999999999,153733,0.33,0,04o7zdSIKBgoYgFGCNJzXY,0.0,0.363,-10.929,No Me Escribas,0,0.0556,103.491
0.468,0.996,0.339,102453,0.0868,0,59NxgMDMNWLBFPmgLOvsfS,0.934,0.426,-23.373,"Lieder ohne Worte, Op. 67",0,0.0373,131.154
0.386,0.0176,0.8190000000000001,276787,0.485,1,6yuvC80FcnVJNvC0DbXN9e,0.0,0.6579999999999999,-6.45,Come to Me (feat. Nicole Scherzinger),1,0.0756,96.998
0.662,0.142,0.629,303347,0.8740000000000001,0,2CP2xY3OA1adUgFW0lVwhw,9.67e-06,0.179,-4.6610000000000005,"Down, Down, Down to Mephisto's Cafe",1,0.149,141.946
0.196,0.0324,0.157,183000,0.989,1,21MwEJ8tHezcPy77BaELJ6,3.3799999999999995e-05,0.337,-5.065,Bodies,1,0.222,157.609
0.475,0.973,0.5329999999999999,60480,0.609,0,1wynpo7pvWK6LXQs5jDCgA,0.000205,0.562,-11.786,Carmen: Act II: Vivat! Vivat le Toréro!,0,0.364,64.972
0.328,0.784,0.489,163240,0.3,0,53kkjWF5QCgtncnQ3anb6r,6.6e-06,0.17,-8.641,If I Didn't Care,0,0.0299,121.451
0.967,0.545,0.815,151213,0.738,1,5GTtj2q0psedXHdUnFG4z3,0.0,0.0772,-5.142,Sanguinarios Del M1,1,0.127,119.905
0.583,0.981,0.239,161907,0.153,0,6NByT0XS1Q45iLFgxSrVVL,0.821,0.1689999999999999,-21.238000000000003,"Chorale Variations on the Christmas Carol ""Vom Himmel hoch da komm' ich her"", BWV 769: Variation V (L'altra sorte del Canone al rovescio)",0,0.0379,172.324
0.444,0.0365,0.51,284960,0.775,0,3ugy4UZMgDleeBReUjtqP9,0.773,0.092,-11.303,Four Sticks - 1993 Remaster,1,0.0607,107.001
0.857,0.733,0.632,224726,0.925,0,0zrktwkID2FyITcV7k2l0O,6.17e-05,0.274,-5.148,Babarabatiri,0,0.0751,100.875
0.473,0.55,0.49,157373,0.279,0,55pZXCJplTA0KRofTrcX6G,0.0,0.403,-15.597,Witchcraft,0,0.0447,127.029
0.598,0.748,0.602,142893,0.118,0,1swJ3f1M4HL4qLOp2phhcq,0.0,0.11,-14.978,King of the Road,1,0.0426,111.412
0.616,0.145,0.6779999999999999,219920,0.775,0,7FA4BogXhcyzESjnfeEo58,0.0,0.281,-6.143,Piggy in the Mirror - 2006 Remaster,0,0.0374,81.935
0.392,0.00469,0.795,300971,0.787,0,4EZA17630BeeVJtiAQrDSi,0.0356,0.08,-7.2189999999999985,1990 - Original Mix,0,0.327,125.057
0.825,0.7879999999999999,0.63,131667,0.7390000000000001,0,7hHnqCBaDXQ9xMh7WBCPtY,0.0,0.0799,-11.448,'Twas the Night Before Christmas,0,0.589,203.315
0.334,0.0929,0.635,219533,0.395,0,5CdX4HXMRxyldTVxXDrzSA,0.0,0.27,-13.005,"Meet Me Half Way - From ""Over The Top"" Soundtrack",1,0.0266,117.096
0.777,0.22,0.655,131187,0.591,0,5H2s8XZ93h06pdyfEXIaT3,0.00021,0.102,-9.016,Sneaky Feelings,0,0.0407,129.64700000000002
0.804,0.352,0.623,151107,0.605,0,4kh2S9hRpPvoF9JkwZcYGN,0.0,0.101,-9.923,Lonely Boy,1,0.0306,106.163
0.4370000000000001,0.983,0.3670000000000001,486160,0.231,0,2euHjoHUw2zAUX2GBj5Q12,0.925,0.122,-16.264,"Piano Trio No. 6 in E-Flat Major, Op. 70 No. 2: IV. Finale. Allegro",0,0.0394,129.014
0.355,0.0045,0.611,213360,0.8270000000000001,1,1x075F39Q0zOhjPzPKgG8E,0.0132,0.0283,-4.665,Baby By Me,1,0.0876,190.058
0.0989,0.705,0.216,312427,0.289,0,0K5fqBg0rfXHa8AWW722Tj,0.00606,0.115,-8.992,February Song,1,0.031,139.749
0.281,0.715,0.281,286373,0.307,0,0YNaV8iU1JwA0LUEIPBsf5,0.000621,0.286,-15.493,The End of a Love Affair - Stereo Take 4 with Vocal Overdub Take 8,0,0.04,136.686
0.804,0.324,0.893,152213,0.6759999999999999,1,1D23GEeQ32aqLw5ZnY3Ivp,0.0,0.0968,-4.867,COOLEST MONKEY IN THE JUNGLE,1,0.227,125.923
0.394,0.929,0.401,191307,0.205,0,6EzCJwgHK5v8UJzmBSfFml,0.0,0.234,-13.377,Tea for Two (with Axel Stordahl & His Orchestra),1,0.0365,86.81299999999996
0.696,0.00704,0.5379999999999999,169027,0.889,0,4pmU8AtVu9qU40Xd9zjEfA,0.0,0.312,-3.5860000000000003,"A Little Less Sixteen Candles, A Little More ""Touch Me""",1,0.0596,133.04399999999998
0.0395,0.96,0.148,245507,0.1639999999999999,0,09h3g1cXbKmbaO2AzdE9U4,0.5,0.16,-18.638,"Te Deum in D, HWV 283 ""Dettingen"": Prayer",0,0.0415,84.99600000000002
0.489,0.703,0.615,268560,0.407,0,2WPZBqjn6vWxhZAidkfZRR,0.83,0.0898,-14.539,Bella,1,0.028,121.648
0.182,0.954,0.183,156667,0.113,0,3PDpfFq0ux7mfd5UMNADLN,3.88e-05,0.104,-15.745,Till We Meet Again,0,0.0287,85.134
0.513,0.898,0.362,148013,0.287,0,2oGtD9CB47ZTnyryFct2J7,0.0,0.191,-7.057,Amor Mío,0,0.0568,207.374
0.178,0.6559999999999999,0.74,138158,0.453,1,6m37YblnnlJ1x7DfTc3Vj0,8e-05,0.111,-7.8279999999999985,Floor Seats (Text Back),1,0.121,75.992
0.873,0.0615,0.495,260413,0.71,0,6zQ3sh6TdYDfVbd9oPgjXN,0.000562,0.0786,-12.144,Me And My Woman,1,0.217,168.877
0.545,0.972,0.659,203440,0.15,0,6x3zBH2XoNS7SPBne6ZhJi,8.34e-06,0.152,-21.753,Mcdougal Street Blues (with Steve Allen),0,0.479,116.148
0.918,0.84,0.491,181267,0.33,0,3JCJs6b2Midbvum3qechgd,0.8959999999999999,0.269,-11.657,Dardanella,0,0.0763,207.459
0.815,0.223,0.691,181893,0.6890000000000001,0,6PEC1qenuzwOMhTZPSj9wX,0.00354,0.0902,-13.327,Hiding Out,0,0.0418,104.714
0.418,0.7709999999999999,0.735,178147,0.326,0,1SRw2bSIUUogb3pOPTw61e,0.0,0.696,-18.651,"Le Peintre, La Pomme Et Picasso",0,0.938,61.883
0.445,0.992,0.711,181920,0.121,0,0pS41oWneMuE79AAKlGI7P,0.6970000000000001,0.117,-14.746,Walking Behind Miss Lucy,0,0.126,132.51
0.691,0.258,0.612,587853,0.361,0,2Lwg8TMyGrUqkEwzYx0IUn,1.09e-05,0.391,-18.433,"Eine kurze Weltgeschichte für junge Leser: Von den Anfängen bis zum Mittelalter, Kapitel 36",0,0.951,56.46100000000001
0.547,0.8740000000000001,0.5329999999999999,182013,0.194,0,0Y04xGwKImCqVSFZQI5All,8.97e-05,0.122,-15.805,La chanson de Prévert,1,0.0373,72.905
0.687,0.341,0.42,168560,0.685,0,3nP0dFUXqDefiHvg37TtgI,0.713,0.15,-13.041,Wild Cats of Kilkenny,1,0.0423,161.15
0.115,0.897,0.358,254880,0.191,0,3lrpllvYQtR0WxSe5PLVLG,0.0,0.0768,-16.062,How Do You Keep The Music Playing,1,0.0312,74.719
0.297,0.929,0.4320000000000001,255587,0.0278,0,58qX2n84ONmT2Hm6kuV3wl,0.12,0.098,-19.202,"Quatuor à cordes No. 15 in D Minor, K. 421: III. Menuetto (Allegretto) - Trio",0,0.0408,100.086
0.099,0.535,0.347,298133,0.433,0,7K8tSyNeuFXn8kTEbU8FQP,0.0553,0.117,-11.332,Here We Go,0,0.0403,174.949
0.0575,0.995,0.411,411960,0.0423,0,3xmkbcnfM7HfoK7XQP4qgg,0.923,0.0749,-25.218000000000004,"Nocturnes, Op. 37: No. 2 in G Major",0,0.0529,133.304
0.7759999999999999,0.48,0.472,366907,0.6940000000000001,0,7eztBwIDPSPCW4Y0quWTfN,0.00583,0.155,-10.97,It's All Right With Me,0,0.0421,84.943
0.7390000000000001,0.477,0.69,217707,0.324,0,1vOgunupwdkhGjoB7SK2Va,0.208,0.3229999999999999,-16.545,Two For The Price Of One,1,0.0359,112.435
0.769,0.995,0.745,192691,0.128,0,5Dye4AnolMASg6RksTx2ch,0.091,0.105,-12.024,Tu Shama Bane Main Parwana,0,0.0944,111.055
0.809,0.987,0.507,122427,0.277,0,1t0wu1FYAOyFrAaHT0Oqmk,0.00364,0.126,-18.817,Vieja Milonga - Remasterizado,0,0.189,75.881
0.8029999999999999,0.99,0.5710000000000001,184507,0.55,0,25qp6C3p9wMbA7OHeEDOAN,0.026,0.416,-8.626,"Hay Peligro en Tus Ojos, Querida - Remasterizado",0,0.0442,85.75399999999998
0.355,0.027,0.879,156284,0.732,0,0FhBANnxcQBgD3tQ75WFAn,0.0,0.0656,-5.016,Fitness,1,0.061,120.052
0.494,0.807,0.449,186667,0.333,0,6HYQDkdOmX0ybHUtZRcEE2,6.95e-05,0.0597,-10.311,"Junge, komm bald wieder",1,0.0272,86.61200000000002
0.311,0.0274,0.487,227147,0.835,0,0eQjA54TJkwTHDJKG8OkRg,0.00754,0.211,-6.44,Be Somebody,1,0.0588,133.907
0.768,0.44,0.7609999999999999,197133,0.7879999999999999,0,73kgeinD9RMBp6r6yqUA6w,0.00531,0.341,-11.672,Long Cool Woman (In a Black Dress),1,0.0596,138.90200000000002
0.461,0.8540000000000001,0.366,164547,0.391,0,5I9sHwLDX28tLtzVgKLtpr,0.0,0.352,-12.322,Everybody Loves Somebody,1,0.0425,119.182
0.552,0.665,0.6459999999999999,167067,0.35,0,6AIB4vBOGWM4FJ65yNWaXu,0.000122,0.0472,-11.539,"It's A Man's, Man's, Man's World",1,0.0486,80.882
0.647,0.349,0.698,221267,0.62,0,7fxtcij5PmJvG8YewGHgJ1,0.327,0.0476,-16.273,New Life,0,0.0514,157.20600000000005
0.394,0.898,0.452,301413,0.131,0,1tHOB5irLyLE7Gtxb2x29Q,0.0,0.7120000000000001,-12.771,"Lay Down Your Weary Tune - Live at Carnegie Hall, New York, NY - October 1963",0,0.0428,171.321
0.718,0.0255,0.631,399267,0.7240000000000001,0,7n7wvN50nYgYAsB7iPGz14,0.000291,0.0632,-7.963999999999999,Love's Taken Over,1,0.0534,172.38
0.377,0.789,0.545,174400,0.514,0,0b2bsYKWKnt4ypdpBxX3wi,0.00021,0.117,-7.78,Love and Mercy - Remastered,1,0.0274,108.888
0.888,0.267,0.875,198682,0.7759999999999999,0,4sP1BjxO9FtKoG0BaVSYeE,0.0,0.0812,-3.54,Descontrolado,1,0.0365,118.011
0.228,0.967,0.502,177830,0.141,0,6bDUVrWFJE5RHEFUmDkbBS,0.883,0.108,-16.775,Improvisation,0,0.0569,91.707
0.7609999999999999,0.0961,0.518,308600,0.612,0,4x9TomTJqLhCfZU3VIUqsi,0.0319,0.0585,-12.649,Got No Shadow,0,0.048,146.83100000000005
0.838,0.0733,0.753,269680,0.7240000000000001,0,1uOmkPL5zvRgAiZP0vIR4W,0.000875,0.016,-8.575,Candido Rodriguez,1,0.086,98.05
0.288,0.0978,0.48,271373,0.496,0,2eV1dFKHT8QnJrtsxLTI2X,0.00126,0.319,-9.8,Drive,1,0.0278,142.621
0.387,0.176,0.58,420720,0.389,0,5gwV3zf2K4do6cnMu7gSCu,0.0328,0.0961,-13.211,Water on the Pond,1,0.0303,127.115
0.8109999999999999,0.211,0.845,200853,0.561,0,6wmAHw1szh5RCKSRjiXhPe,3.49e-06,0.0383,-5.252999999999999,How Long,1,0.0778,109.974
0.469,0.0651,0.754,147760,0.41,0,14Oekpds3U7PQhtiMCVKCS,0.000145,0.131,-13.27,Brand New Whiskey,0,0.0371,114.771
0.906,0.0196,0.552,40594,0.909,0,7n70tzvZDfdAL1j9XqsAbH,0.0,0.185,-4.869,PAW Patrol Opening Theme,1,0.089,110.332
0.397,0.273,0.344,344960,0.7490000000000001,0,5M8VmFEFwx6I7LkZVev4L3,0.00153,0.0688,-8.436,Can-Utility and the Coastliners - New Stereo Mix,0,0.193,93.253
0.223,0.989,0.419,422382,0.0951,0,3gUIqaZkjqx0T4X2keZRfp,2.89e-06,0.146,-15.435,Scene And Aria Of Ines,0,0.0518,109.475
0.966,0.11,0.355,383507,0.261,1,5DzeyaeuMS80NIKa43lng0,3.08e-05,0.4370000000000001,-5.322,Change The World,1,0.048,166.06599999999997
0.00716,0.845,0.215,63478,0.994,0,2XXLM6Gp4szTdEO4yaMxwZ,0.99,0.987,-22.288,Waterfall Sounds,1,0.0649,69.152
0.674,0.00346,0.664,204040,0.782,0,5fiGPVX1TkKQy0fpyHuS7e,0.0,0.441,-4.768,Oh Yeah,1,0.0303,120.049
0.625,0.993,0.3720000000000001,93587,0.202,0,32tFopk1tg3G3tMN9QE5E7,0.838,0.132,-22.027,"Trois nouvelles études, B. 130: No. 3 in D-Flat Major",0,0.0481,84.29899999999998
0.968,0.275,0.933,210480,0.758,0,5r3q5qzU1LoxfORgwuvLCa,0.0531,0.073,-12.105,I've Got to Use My Imagination,1,0.0397,121.126
0.383,0.818,0.493,176867,0.258,0,0c76IbpYMPQRMcrMBzccw8,9.69e-05,0.114,-13.13,All Er Nothin',0,0.0305,138.45
0.128,0.994,0.467,254467,0.0217,0,1jHa8tw75RrbCtIODWGk0l,0.00099,0.113,-21.11,Tziltzelu-Metzilot (Shepherd's Lament),0,0.0641,86.133
0.5539999999999999,0.000278,0.282,284960,0.905,0,6LGoJAyN1xAqF3VJZt0MKx,0.375,0.0894,-9.455,Evil,1,0.114,133.83700000000002
0.5710000000000001,0.000705,0.3,206827,0.8140000000000001,0,2da0KrvLB5acEfw9bCnwQY,4.61e-06,0.121,-10.584,Would?,1,0.0375,100.489
0.889,0.942,0.586,283893,0.491,0,44uqPJNAWnmSoDFNVgCeTd,0.000122,0.262,-9.4,Shaheedo Tumko Mera Salam,0,0.0621,151.233
0.417,0.985,0.382,529827,0.0459,0,6zhi53F3cWTD60HVT3tn43,0.347,0.142,-20.36,"Clarinet Concerto in A Major, K. 622: III. Rondo. Allegro",0,0.0419,122.517
0.248,0.143,0.435,289293,0.412,0,6Pxqd7tcXE0t4mfK7PGDra,7.09e-05,0.1639999999999999,-8.451,Guess I'm Doing Fine,1,0.0271,117.7
0.965,0.684,0.6920000000000001,151827,0.173,0,3sYddvXWhTQO5qsnPSmGDd,0.0,0.7140000000000001,-19.826,Feliz Cumpleaños,0,0.0678,123.62
0.812,0.974,0.4970000000000001,65107,0.269,0,0Xv702YjyE0wmGrvpCnTHY,0.00401,0.578,-15.196,"La Bohème: Act III: Marcello, finalmente!",0,0.102,115.586
0.375,0.992,0.486,389960,0.0689,0,2Lr7QTuHSl0E2hqlXYuZva,0.7859999999999999,0.136,-21.753,"Piano Trio in E-Flat Major, D. 929 (Op.100): III. Scherzo - Allegro moderato",0,0.0433,95.3
0.083,0.0171,0.5379999999999999,258640,0.73,1,1WMNEgUbRMGOf4GkPYu1wf,0.0,0.103,-3.426,No Apologies,1,0.276,87.022
0.8220000000000001,0.664,0.495,274000,0.46,0,6588w3GdDxmdtLMLuwf1tO,0.0,0.325,-11.220999999999998,At The Bottom Of Everything,1,0.0894,107.326
0.721,0.001,0.6779999999999999,232933,0.76,0,7pltO6mIwMVZWLGcQuCL8b,0.0128,0.107,-10.387,You Owe Me Some Kind of Love,1,0.0273,125.122
0.65,0.307,0.6709999999999999,96400,0.108,1,13iTonYu45Q3BccJWOXkSs,0.0,0.49,-20.402,Часть 158.3 - По ком звонит колокол,0,0.956,148.41899999999995
0.284,0.00218,0.573,289560,0.929,1,1TEZWG1FdjzDdercCguTwj,0.0723,0.718,-5.996,Nookie,1,0.0819999999999999,97.57
0.8859999999999999,0.735,0.732,292800,0.59,0,77tbq2Iar8MjCbcVy8s2pW,0.0,0.672,-8.801,Jubilation T. Cornpone,0,0.204,98.421
0.7090000000000001,0.441,0.6809999999999999,110779,0.234,1,5ZD3bf1BAVGNcOdRiUq4Vw,0.0,0.573,-19.062,Часть 56.4 - Прощай оружие,0,0.8109999999999999,82.931
0.485,0.00216,0.262,172587,0.867,0,7ss73yV5efYHgm9bAQ98JM,0.00173,0.0858,-4.472,Scream With Me,1,0.0481,179.985
0.421,0.375,0.36,237577,0.5329999999999999,0,0TxSk5fpK01cBLV9ePqcE6,0.0,0.0768,-4.394,She's In The Rain,1,0.0302,92.854
0.327,0.0024,0.805,330005,0.7290000000000001,0,0deTESLjjPK0Vxgzfgunuu,0.933,0.0712,-7.358,End,0,0.0655,127.998
0.463,0.556,0.7609999999999999,221493,0.851,1,1GMDpf82TUwTVBPYiu0dmR,0.000545,0.104,-4.371,Switch Lanes,1,0.234,92.486
0.863,0.0888,0.64,198373,0.855,0,6IcoSnfvwFlYtYxu5TKbgg,0.000131,0.0824,-9.97,In America,1,0.0613,117.72
0.303,0.0592,0.489,190173,0.6409999999999999,0,63thx7OANplv4I4BQsanHk,0.0,0.0857,-4.455,You Should Be Here,1,0.0282,136.095
0.192,0.921,0.203,201107,0.185,0,4Vk5JoDVtwzwMjvAJukrc6,0.551,0.186,-16.489,Stay as Sweet as You Are - 2015 Remastered Version,0,0.033,76.029
0.6709999999999999,0.142,0.637,189057,0.555,0,04Dc0mKBoPmK6DuutvxQjf,0.0,0.1369999999999999,-8.775,Life's a Dance - 2011 Remaster,1,0.0252,135.257
0.324,0.00515,0.489,320267,0.703,0,0pZHWZelcjUZY1CgnHWPUE,0.000224,0.179,-7.588999999999999,Fever,1,0.0414,111.398
0.5670000000000001,0.000441,0.63,348267,0.7440000000000001,0,3Fv382oVGbqVZDaxqcKPDX,0.826,0.0703,-9.126,Rodent,0,0.0437,108.802
0.967,0.863,0.6409999999999999,151307,0.5870000000000001,0,06V4mIZoDQShW9G3nMN9SF,0.6579999999999999,0.141,-12.308,Torna a Sorrento,0,0.0315,134.72799999999998
0.206,0.0215,0.313,503547,0.48,0,4uCFK6Lm1gA3MaIbSRhIfS,0.00732,0.116,-8.899,The Afternoon,1,0.0289,113.764
0.483,0.0713,0.629,240480,0.715,1,0C5IKY0sXz4sg0hpx7HOz0,0.0,0.569,-7.585,Me and My Bitch - 2005 Remaster,1,0.496,178.007
0.736,0.0183,0.6709999999999999,229373,0.85,0,056mbYcqyQo86Rfr9XfyYm,9.82e-05,0.0766,-5.557,If I Could Change Your Mind,1,0.0426,125.004
0.867,0.287,0.89,235453,0.5770000000000001,0,13UqaNF8STsJSGKxd12rmy,0.00291,0.111,-12.561,The Ballad of Dorothy Parker,1,0.0709,102.855
0.777,0.542,0.698,141960,0.425,0,3sm1GFbcOUtYbU0m8y7Pdc,0.0,0.125,-10.667,Little Hollywood Girl,1,0.0272,115.643
0.172,0.0040799999999999,0.605,132327,0.795,0,1ETSQb9d7rKN9JPur7w2MU,0.8809999999999999,0.172,-7.523,The Fallen Interlude,1,0.0749,94.072
0.34,0.000401,0.278,132547,0.936,0,1mWMGKUaL7EyYIIveqlKC0,0.0,0.335,-5.9860000000000015,This Is the Best Day Ever,1,0.107,119.088
0.495,0.136,0.52,153987,0.82,0,49MHRxcJij2MQ6x8BbwCBM,0.00813,0.325,-6.023,Busted,1,0.145,120.883
0.511,0.466,0.485,482360,0.441,0,773hekg7UEdbGvv3lJ3CmV,0.000936,0.485,-8.248,Pusher Love Girl,1,0.0775,140.009
0.525,0.215,0.494,187520,0.858,0,6dhw3dbZcUoVsYDSS1vvv5,0.0,0.0981,-5.577999999999999,La carta,1,0.0811,170.17700000000005
0.573,0.851,0.391,192347,0.174,0,24JaIwY8Fsy1UWXyIAocmr,1.24e-06,0.383,-17.08,La Noche de Mi Mal,0,0.0525,89.054
0.0445,0.974,0.418,236000,0.0356,0,4Ji3pJyn2XdHPzYjVCANjo,0.0224,0.152,-20.745,When October Goes,0,0.0315,91.192
0.35,2.77e-05,0.305,179283,0.95,0,69VW3UCs940XFbTfShXhXx,0.0512,0.225,-6.6610000000000005,Spank Thru (Live at Pine Street Theatre),1,0.0547,137.933
0.04,0.975,0.141,245827,0.0302,0,3czxpkw9tgS1bQ4Qw4hw6B,0.75,0.0606,-28.59800000000001,Fantasy For Cello And Piano: 3. Elégie,0,0.0449,87.125
0.401,0.964,0.665,182693,0.0849,0,1indRIbf7OpQ4TgCbj4Noj,0.00176,0.108,-20.58,Christmas Dinner,0,0.0426,105.16
0.0968,0.995,0.26,151827,0.0349,0,06UwghMyhYSLLpq07DeVa2,0.465,0.105,-21.366,Water Boy,0,0.0379,69.314
0.114,0.946,0.188,170667,0.143,0,4d8LibaXvaxLa698quhs10,0.00251,0.1,-16.438,Silent Night - Remastered,0,0.0386,60.58600000000001
0.28,0.942,0.143,165333,0.311,0,29ctlBW6iXmFjruPJvypDT,0.92,0.124,-13.605,Under the Bridges of Paris,0,0.0343,145.877
0.393,0.000492,0.383,229867,0.888,0,3rzYUfyzdZW96cHXnGn1xI,0.000174,0.0479,-6.502999999999999,What Difference Does It Make? - 2011 Remaster,1,0.037,163.23
0.116,0.98,0.236,194640,0.09,0,6mUAohM3rAuD0J2vyo9WDq,3.2899999999999987e-05,0.14,-14.32,I'll See You In My Dreams (with Paul Weston & His Orchestra & The Norman Luboff Choir),0,0.0307,94.098
0.201,0.716,0.362,344840,0.474,0,5j79s5rMqjKUVEEfdEx6uH,0.0658,0.708,-15.867,Dead Babies,0,0.0509,95.072
0.035,0.8640000000000001,0.308,473253,0.108,0,7nnRf1iHM8G8WTVrnkWkbv,0.312,0.174,-20.017,Ask the Mountains,1,0.0324,155.851
0.48,0.0787,0.491,133547,0.966,0,0YPDp1KIxVLTdh3vnvk6wd,0.0,0.281,-3.896,C'mon C'mon,1,0.133,147.836
0.384,0.809,0.388,151893,0.33,0,2GtBOUhtwmtAFhfS7fkpk8,0.0,0.17,-13.259,Don't Blame Me,0,0.029,84.464
0.208,0.995,0.52,190253,0.0174,0,1aq7dgPCglNZFjx2nKK86F,0.931,0.115,-28.038,"3 Gymnopédies, No. 1: Lent et douloureux",0,0.0678,82.03299999999999
0.134,0.938,0.182,284093,0.254,0,56iaNP2rfebKJjyr9uRkH7,0.00117,0.192,-12.11,As If We Never Said Goodbye,1,0.0355,70.593
0.162,0.92,0.177,214253,0.216,0,64QtLJjrbxGfO8xQeypj7b,0.00449,0.102,-16.559,But Not For Me,1,0.036,80.141
0.6859999999999999,0.179,0.616,261560,0.384,0,2t3qeL7qBKgN0SC76FF9y5,6.6e-06,0.0735,-12.095,Suspicions - 2008 Version,0,0.0527,143.334
0.91,0.764,0.5820000000000001,160600,0.547,0,1qT9XEgQ56AmTujcGbX2dZ,0.0,0.136,-8.568999999999999,No Chance,0,0.0706,170.078
0.439,0.627,0.6809999999999999,250240,0.423,0,7mkemk33kdLQvrkIpRkWWd,0.512,0.0925,-12.002,The Railroad,1,0.0253,91.044
0.579,0.00773,0.772,247453,0.713,1,2K6FYgz38Kzih6BGJzfD0H,0.0,0.382,-5.267,9MM,1,0.302,83.022
0.451,0.973,0.376,155733,0.414,0,3HtXIeYMosJXgQbnZhCK6s,0.0216,0.346,-16.969,"La Bohème / Act 2: ""Arranci, datteri!""",0,0.13,83.04799999999999
0.595,0.0376,0.7120000000000001,101100,0.122,1,6Ucnawvnjigkw2KZS3kAIo,0.0,0.334,-21.75800000000001,Часть 104.2 - На Западном фронте без перемен,0,0.954,72.126
0.89,0.506,0.8420000000000001,229947,0.305,0,4FEOYMrH9bOzoOrnWFGvjf,0.0,0.0333,-12.403,Los Tres Amigos,1,0.0621,108.854
0.623,0.0624,0.85,278333,0.513,0,5A0aUvnfAEcmUx3hoXjI8R,0.00249,0.0689,-10.663,I'm So Into You,1,0.0513,99.01
0.321,0.0656,0.73,279080,0.7659999999999999,0,5bLKcN1o0vZuXHlJ0WJMKl,2.31e-05,0.0524,-6.629,Temptation - Extended Mix / 2012 Remaster,1,0.0856,128.273
0.517,0.00189,0.525,200200,0.935,0,0QrwSTzpOXncQtBS9XRvoN,2.97e-06,0.11,-4.524,Christmas (Baby Please Come Home),1,0.0486,132.986
0.425,0.878,0.244,323240,0.401,0,7tAv4XopGIHgaRcNiMkqX2,1.52e-05,0.513,-10.922,Duniya Rang Badalti Jaye,0,0.0317,88.43799999999996
0.362,0.0505,0.6609999999999999,478707,0.838,0,07vxL3e17ylfQvAt7SDU1B,6.47e-05,0.119,-8.787,Insanity,1,0.0466,128.93
0.0522,0.99,0.106,220360,0.0411,0,0ZGONlB2IpmBkVS5hLtxTs,0.6859999999999999,0.33,-32.284,Ave Maria piena di grazia,0,0.0359,89.604
0.0398,0.426,0.166,315000,0.194,0,22KvnSgCUY8ix8riybbYiI,0.000571,0.12,-16.724,Who Wants To Live Forever,1,0.0364,139.541
0.515,0.393,0.6609999999999999,236627,0.389,0,0qXUwQbZHFnhAGCgqwz2lR,1.04e-06,0.0902,-12.292,Meet Me In Montana,1,0.0301,124.147
0.227,0.978,0.609,168373,0.119,0,3JTO5KoXnd4KPLiWKkmKMY,0.0,0.114,-11.688,I Never Will Marry,0,0.037,108.177
0.972,0.416,0.73,174667,0.452,0,1LLRVZB4fz7bduFEZ22DE4,0.0,0.233,-11.125,Brother,1,0.0378,132.249
0.424,0.0014,0.526,211493,0.882,0,4Dm32oO01YpIubCHaAtKkN,0.0,0.144,-4.006,My Life Would Suck Without You,1,0.0509,144.982
0.721,0.00928,0.419,168493,0.856,0,3JzzyfG0z8rjXqHL6XXLwt,0.0964,0.124,-5.443,It's Real,1,0.0298,152.009
0.7090000000000001,0.622,0.618,197360,0.513,0,6QvSSmQ6LcLyjLzrGLCsFn,0.846,0.126,-15.037,Caravan,1,0.0308,125.866
0.66,0.285,0.6579999999999999,305973,0.524,0,7gvBrvtYLAT0mLdsqySZyK,0.0,0.123,-10.786,(There You Go) Tellin' Me No Again,0,0.0323,112.003
0.618,0.0207,0.851,593605,0.495,0,24oJ33zUPIfFXVfc39g7E6,0.269,0.21,-7.125,I Remember - Vocal Mix,1,0.0536,127.99
0.141,0.983,0.695,76227,0.363,1,6MrCccPAByfUy41kvJlUUu,0.0,0.67,-20.531,Ken Kaniff - Skit,1,0.8809999999999999,59.45399999999999
0.229,0.98,0.401,388867,0.198,0,5YPGg4N8mdqpGDD4BX4VA0,0.909,0.251,-21.981,Invitation,1,0.0441,86.915
0.5539999999999999,0.894,0.75,232893,0.355,0,4dzcJwaKSwapfVXtVucHwN,0.6579999999999999,0.107,-9.591,Autumn In New York,0,0.0624,103.184
